ColorName,HexCode,RGB_1,RGB_2,RGB_3
Camel,#c69f59,198,159,89
Pesto,#c1b23e,193,178,62
Blizzard Blue,#a3e3ed,163,227,237
Aphroditean Fuschia,#dd14ab,221,20,171
Bolognese,#bb4400,187,68,0
Caramel,#af6f09,175,111,9
Lotus Flower,#f4f0da,244,240,218
Hot Flamingo,#b35966,179,89,102
Love Affair,#ffbec8,255,190,200
Eggnog,#fdea9f,253,234,159
Nordic Noir,#003344,0,51,68
Candy,#ff9b87,255,155,135
Red Elegance,#85464b,133,70,75
Radiant Sunrise,#eebe1b,238,190,27
Young Night,#232323,35,35,35
Sereni Teal,#76baa8,118,186,168
Pickled Pineapple,#eeff33,238,255,51
Midnight Melancholia,#002266,0,34,102
Duck Hunt,#005800,0,88,0
Wind Chimes,#cac5c2,202,197,194
Banner Gold,#a28557,162,133,87
Metal,#babfbc,186,191,188
Mummy's Tomb,#828e84,130,142,132
Merlot,#730039,115,0,57
Caviar,#292a2d,41,42,45
LA Vibes,#eeccdd,238,204,221
Macaroon,#b38b71,179,139,113
Windjammer,#62a5df,98,165,223
Earthbound,#a48a80,164,138,128
Stormy Oceans,#70818e,112,129,142
Flamingo Queen,#cc33ff,204,51,255
Dark Olive,#373e02,55,62,2
Giggle,#eff0d3,239,240,211
Chocolate Lust,#993322,153,51,34
Magnetos,#bf3cff,191,60,255
Golden Ginkgo,#f9f525,249,245,37
Haunted Hills,#003311,0,51,17
Lucius Lilac,#baa2ce,186,162,206
Honey Bunny,#dbb881,219,184,129
Arctic,#648589,100,133,137
Moonless Night,#2f2d30,47,45,48
Ocean Breeze,#d3e5eb,211,229,235
Volcanic Rock,#6b6965,107,105,101
One Minute to Midnight,#003388,0,51,136
Lavender,#b56edc,181,110,220
Mulberry,#920a4e,146,10,78
Transfusion,#ea1833,234,24,51
Lucky Lobster,#cc3322,204,51,34
Pear,#d1e231,209,226,49
Cold Light of Day,#00eeee,0,238,238
Ghost Whisperer,#cbd1d0,203,209,208
Pastel Brown,#836953,131,105,83
Hello Summer,#55bbff,85,187,255
Passion Flower,#6d5698,109,86,152
Pitch Black,#483c41,72,60,65
Pig Pink,#fdd7e4,253,215,228
Metal Petal,#b090b2,176,144,178
Vivid Orange,#ff5f00,255,95,0
Whirlpool,#a5d8cd,165,216,205
Farmer's Market,#8f917c,143,145,124
Biohazard Suit,#fbfb4c,251,251,76
Beurre Blanc,#ede1be,237,225,190
Hawaii Morning,#00bbff,0,187,255
Chinotto,#554747,85,71,71
Nicotine Gold,#eebb33,238,187,51
Frankenstein,#7ba05b,123,160,91
High Voltage,#eeff11,238,255,17
Flint Rock,#989493,152,148,147
Herring Silver,#c6c8cf,198,200,207
Cucumber Milk,#c2f177,194,241,119
Polly,#ffcaa4,255,202,164
Reading Tea Leaves,#7d5d5e,125,93,94
Majestic Magenta,#ee4488,238,68,136
Hippie Trail,#c6aa2b,198,170,43
Bride's Blush,#f9e2e1,249,226,225
Pollination,#eedd66,238,221,102
Ludicrous Lemming,#bb8877,187,136,119
Good Morning,#fcfcda,252,252,218
Ninja Turtle,#94b1a9,148,177,169
Fairy Tale,#f2c1d1,242,193,209
Minted Blueberry Lemonade,#b32651,179,38,81
Frozen Salmon,#fea993,254,169,147
Hazelwood,#fff3d5,255,243,213
Wedding in White,#fffee5,255,254,229
Galaxy Blue,#2a4b7c,42,75,124
Madras,#473e23,71,62,35
Mauve,#e0b0ff,224,176,255
Canadian Maple,#cab266,202,178,102
Lotion,#fefdfa,254,253,250
Lumberjack,#9d4542,157,69,66
Flood,#6677bb,102,119,187
Oriental Spice,#8b5131,139,81,49
Incision,#ff0022,255,0,34
Mustang,#5e4a47,94,74,71
Hinterland,#616c51,97,108,81
Kaltes Klares Wasser,#0ffef9,15,254,249
Big Yellow Taxi,#ffff33,255,255,51
Mai Tai,#a56531,165,101,49
Moonlight,#f6eed5,246,238,213
Glitter Shower,#88ffff,136,255,255
Peach,#ffb07c,255,176,124
Love Letter,#e4658e,228,101,142
Retro Nectarine,#ef7d16,239,125,22
Kelp,#4d503c,77,80,60
Ghost,#c0bfc7,192,191,199
Kathmandu,#ad9a5d,173,154,93
Green Venom,#b8f818,184,248,24
Lime Punch,#c0d725,192,215,37
Kissable,#fd8f79,253,143,121
Arctic Water,#00fcfc,0,252,252
Mangala Pink,#e781a6,231,129,166
Restful Rain,#f1f2dd,241,242,221
Wakame Green,#00656e,0,101,110
Channel,#f1c3c2,241,195,194
Carpaccio,#e34234,227,66,52
Venus Mist,#5f606e,95,96,110
Dark Rum,#45362b,69,54,43
Distant Cloud,#e5eae6,229,234,230
Candy Floss,#e8a7e2,232,167,226
Fusion Red,#ff6163,255,97,99
Exclusive Elixir,#f9f1dd,249,241,221
Sail into the Horizon,#a3bbdc,163,187,220
Petite Pink,#eacacb,234,202,203
Space Exploration,#001199,0,17,153
Negishi Green,#938b4b,147,139,75
Twilight,#4e518b,78,81,139
Wild West,#7e5c52,126,92,82
Murmur,#d2d8d2,210,216,210
Ivory Tower,#fbf3f1,251,243,241
Feminism,#9d5783,157,87,131
Crown of Thorns,#763c33,118,60,51
Shaving Cream,#e1e5e5,225,229,229
Finnish Fiord,#5db0be,93,176,190
Murasaki,#4f284b,79,40,75
No Way Rosé,#fbaa95,251,170,149
Lama,#e0bb95,224,187,149
Into the Stratosphere,#425267,66,82,103
Crude Banana,#21c40e,33,196,14
Forbidden Fruit,#fe7b7c,254,123,124
Nuclear Meltdown,#44ee00,68,238,0
Deep Sea Nightmare,#002366,0,35,102
Plum Cheese,#670728,103,7,40
Dollar Bill,#85bb65,133,187,101
Islamic Green,#009900,0,153,0
Lizard,#71643e,113,100,62
Jelly Berry,#ee1177,238,17,119
Little Lamb,#eae6d7,234,230,215
Myrtle,#21421e,33,66,30
Dust Storm,#e7d3b7,231,211,183
Diesel,#322c2b,50,44,43
Calabrese,#f4a6a3,244,166,163
Butter Up,#f4e0bb,244,224,187
Taco,#f3c7b3,243,199,179
Chorizo,#aa0011,170,0,17
Lava Pit,#e46f34,228,111,52
Turtle,#523f31,82,63,49
Illicit Darkness,#00022e,0,2,46
Fuzzy Duckling,#ffea70,255,234,112
Cigarette Glow,#ee5500,238,85,0
Munch On Melon,#f23e67,242,62,103
Mysterious Blue,#3e7a85,62,122,133
Nuit Blanche,#1e488f,30,72,143
Brown Alpaca,#b86d29,184,109,41
Flush Orange,#ff6f01,255,111,1
Loch Ness,#5f6db0,95,109,176
Moorland,#a6ab9b,166,171,155
Moonwalk,#bebec4,190,190,196
Candle Glow,#ffe8c3,255,232,195
Chocolate Truffle,#612e35,97,46,53
Buttery,#ffc283,255,194,131
Violaceous,#bf8fc4,191,143,196
Vermicelle,#dabe82,218,190,130
Vampire Fangs,#cc2255,204,34,85
Exploding Star,#fed83a,254,216,58
Minty Paradise,#00ffbb,0,255,187
Neon Carrot,#ff9933,255,153,51
Bambino,#8edacc,142,218,204
Neon Pink,#fe019a,254,1,154
Narwhal Grey,#080813,8,8,19
Meatloaf,#663311,102,51,17
Butterscotch,#fdb147,253,177,71
Alley Cat,#656874,101,104,116
Harvest Time,#cf875f,207,135,95
Faint Gold,#b59410,181,148,16
Bloodhound,#bb5511,187,85,17
Aubergine,#372528,55,37,40
Peachy Feeling,#ed8666,237,134,102
White Elephant,#dedee5,222,222,229
Zen,#cfd9de,207,217,222
Paper Hearts,#cc4466,204,68,102
Harem Silk,#006383,0,99,131
Ice Ice Baby,#00ffdd,0,255,221
Juicy Lime,#b1cf5d,177,207,93
Forest,#0b5509,11,85,9
Opal,#aee0e4,174,224,228
Pressing my Luck,#00cc11,0,204,17
Trout,#4c5356,76,83,86
Garlic Clove,#e2d7c1,226,215,193
Castaway,#6dbac0,109,186,192
Mossy,#857349,133,115,73
Lost Golfer,#74af54,116,175,84
Duckling Fluff,#fafc5d,250,252,93
Pandora's Box,#fedbb7,254,219,183
Choco Chic,#993311,153,51,17
Awkward Purple,#d208cc,210,8,204
Capri,#00bfff,0,191,255
Light Brown,#b5651d,181,101,29
Burning Flame,#ffb162,255,177,98
Licorice,#1a1110,26,17,16
Zinc,#92898a,146,137,138
Vitamin C,#ff9900,255,153,0
Milk,#fdfff5,253,255,245
English Manor,#7181a4,113,129,164
Alarm,#ec0003,236,0,3
Cafe Creme,#c79685,199,150,133
Beat Around the Bush,#6e6a44,110,106,68
Green Bell Pepper,#228800,34,136,0
Fluorescence,#89d178,137,209,120
Award Winning White,#fef0de,254,240,222
Chocolate,#d2691e,210,105,30
Ether,#9eb6b8,158,182,184
Opal Flame,#e95c4b,233,92,75
Chili Pepper,#9b1b30,155,27,48
Vivid Raspberry,#ff006c,255,0,108
Fresh Air,#a6e7ff,166,231,255
Pleasant Purple,#8833aa,136,51,170
Magic Magenta,#7f4774,127,71,116
Hot Magenta,#ff00cc,255,0,204
Elephant in the Room,#a8a9a8,168,169,168
Lemon,#fff700,255,247,0
Arugula,#75ad5b,117,173,91
Girlie,#ffd3cf,255,211,207
Golf Course,#5a9e4b,90,158,75
Irish Coffee,#62422b,98,66,43
Hot Chocolate,#683b39,104,59,57
Coral,#ff7f50,255,127,80
Muted Berry,#91788c,145,120,140
Baby Blue,#a2cffe,162,207,254
Polished Pearl,#f8edd3,248,237,211
Biscuit,#feedca,254,237,202
Wu-Tang Gold,#f8d106,248,209,6
Magical Merlin,#3d8ed0,61,142,208
Fossil Stone,#e3ddcc,227,221,204
Chipmunk,#cfa14a,207,161,74
Intoxicate,#11bb55,17,187,85
Purple Rain,#7442c8,116,66,200
Bavarian Green,#749a54,116,154,84
Mt. Rushmore,#7f8181,127,129,129
Poached Egg,#f5d893,245,216,147
Eyeball,#fffbf8,255,251,248
Italian Roast,#221111,34,17,17
Flan,#f6e3b4,246,227,180
Eagle,#b0ac94,176,172,148
Flame,#e25822,226,88,34
Wizard,#4d5b88,77,91,136
Brownie,#964b00,150,75,0
Infra Red,#fe486c,254,72,108
Jungle Civilization,#69673a,105,103,58
Dark Wood,#855e42,133,94,66
Danger,#ff0e0e,255,14,14
Coca Mocha,#bd9d95,189,157,149
Makin it Rain,#88bb55,136,187,85
Plantation,#3e594c,62,89,76
Old Silver,#848482,132,132,130
Pastel Smirk,#deece1,222,236,225
Magenta,#ff00ff,255,0,255
Chai Tea,#b1832f,177,131,47
Toxic Sludge,#00bb33,0,187,51
Nirvana,#a2919b,162,145,155
Gallant Green,#99aa66,153,170,102
Muddy Quicksand,#c3988b,195,152,139
Grapefruit,#fd5956,253,89,86
Heather Berry,#e75480,231,84,128
Purple Haze,#807396,128,115,150
Drunk-Tank Pink,#dd11dd,221,17,221
Kimono,#6d86b6,109,134,182
Pine Needle,#334d41,51,77,65
Tranquili Teal,#6c9da9,108,157,169
Master Sword Blue,#00ffee,0,255,238
Fiddle-Leaf Fig,#a6c875,166,200,117
Wine Cellar,#70403d,112,64,61
Mushroom Risotto,#dbd0ca,219,208,202
Chestnut,#742802,116,40,2
Bakery Brown,#ab9078,171,144,120
Luigi,#4cbb17,76,187,23
Kinky Pinky,#ee55cc,238,85,204
Frozen Wave,#56acca,86,172,202
Vin Cuit,#b47463,180,116,99
Gingerbread,#8c4a2f,140,74,47
Merguez,#650021,101,0,33
Yell Yellow,#ffffbf,255,255,191
Vintage Porcelain,#f2edec,242,237,236
Romesco,#f48101,244,129,1
Atomic Tangerine,#ff9966,255,153,102
Morel,#685c53,104,92,83
Candlelight,#fcd917,252,217,23
Moelleux Au Chocolat,#553311,85,51,17
Magic Potion,#ff4466,255,68,102
Cream,#ffffc2,255,255,194
Olive Tree,#aba77c,171,167,124
Colonial White,#ffedbc,255,237,188
Ebony,#313337,49,51,55
Cadillac Coupe,#c0362c,192,54,44
Highlander,#3a533d,58,83,61
Atlantis,#336172,51,97,114
Pale Sky,#bdf6fe,189,246,254
Battletoad,#11cc55,17,204,85
Velvet Magic,#bb1155,187,17,85
Fire Bolt,#cc4411,204,68,17
Carbon,#333333,51,51,51
Barbecue,#c26157,194,97,87
Empress,#7c7173,124,113,115
Milk and Cookies,#e9e1df,233,225,223
Prosecco,#fad6a5,250,214,165
Heavy Violet,#4f566c,79,86,108
Pineapple,#563c0d,86,60,13
Hot Sand,#ccaa00,204,170,0
Lusty Lavender,#8d5eb7,141,94,183
Melanzane,#342931,52,41,49
Fluffy Duckling,#fcdf39,252,223,57
Watermelon Milk,#dfcfca,223,207,202
Polar Bear,#eae9e0,234,233,224
Darkest Dungeon,#660011,102,0,17
Chocolate Explosion,#8e473b,142,71,59
Kendall Rose,#f7cccd,247,204,205
Croissant,#c4ab86,196,171,134
Lonestar,#522426,82,36,38
Night Owl,#5d7b89,93,123,137
Debian Red,#d70a53,215,10,83
Hickory,#b7a28e,183,162,142
Jigglypuff,#ffaaff,255,170,255
Purple Passion,#683d62,104,61,98
Hotter Butter,#e68a00,230,138,0
Purple Emperor,#6633bb,102,51,187
French Oak,#bb9e7c,187,158,124
Discreet Orange,#ffad98,255,173,152
Manhattan,#e2af80,226,175,128
Masala,#57534b,87,83,75
Rampart,#bcb7b1,188,183,177
Tropical Rainforest,#00755e,0,117,94
Dry Rose,#c22f4d,194,47,77
Radioactive,#89fe05,137,254,5
Ocean Blue,#009dc4,0,157,196
Super Rose Red,#cb1028,203,16,40
Noodles,#f9e3b4,249,227,180
Tuna,#46494e,70,73,78
Concrete,#d2d1cd,210,209,205
Hotter Than Hell,#ff4455,255,68,85
Dragonfly,#314a76,49,74,118
Banana Bandanna,#f8f739,248,247,57
Homeopathic Lavender,#e5e0ec,229,224,236
Fluorescent Yellow,#ccff02,204,255,2
Ming,#407577,64,117,119
Lucky,#ab9a1c,171,154,28
Dream Vapor,#cc99ee,204,153,238
Chutney,#98594b,152,89,75
Gold Vein,#d6b956,214,185,86
Planet of the Apes,#883333,136,51,51
Bloody Salmon,#cc4433,204,68,51
Shimmering Love,#ff88cc,255,136,204
Venomous Green,#66ff22,102,255,34
Easter Egg,#919bc9,145,155,201
MVS Red,#ee0000,238,0,0
Frozen Civilization,#e1f5e5,225,245,229
Temptatious Tangerine,#ff7733,255,119,51
Perfect Dark,#313390,49,51,144
Lava,#cf1020,207,16,32
Umbra,#211e1f,33,30,31
Drama Queen,#a37298,163,114,152
Antique,#8b846d,139,132,109
White Beach,#f5efe5,245,239,229
Eigengrau,#16161d,22,22,29
Havana,#3b2b2c,59,43,44
Escalope,#cc8866,204,136,102
Beveled Glass,#7accb8,122,204,184
Candied Snow,#d8fff3,216,255,243
Wasteland,#9c8855,156,136,85
Lavender Candy,#fcb4d5,252,180,213
Mauve It,#bb4466,187,68,102
Orange Delight,#ffc355,255,195,85
Ink Black,#252024,37,32,36
Whiskey,#d29062,210,144,98
Errigal White,#f2f2f4,242,242,244
Polished Silver,#c5d1da,197,209,218
Windfall,#84a7ce,132,167,206
Dark Matter,#110101,17,1,1
Metropolis,#61584f,97,88,79
8 Bit Eggplant,#990066,153,0,102
Midnight Dreams,#002233,0,34,51
Cannoli Cream,#f0efe2,240,239,226
Clover,#008f00,0,143,0
Fading Love,#c973a2,201,115,162
Fruity Licious,#f69092,246,144,146
Meteor,#bb7431,187,116,49
Motherland,#bcb667,188,182,103
Cloak and Dagger,#550055,85,0,85
Olive Leaf,#4e4b35,78,75,53
Enoki,#f8faee,248,250,238
Drunken Flamingo,#ff55cc,255,85,204
Lighthouse,#f3f4f4,243,244,244
Bookworm,#ebe3de,235,227,222
Cactus Spike,#c1e0a3,193,224,163
Vienna Roast,#330022,51,0,34
Honolulu Blue,#007fbf,0,127,191
Underwater Moonlight,#4488aa,68,136,170
Cream Puff,#ffbb99,255,187,153
Wet Concrete,#353838,53,56,56
Goldfish,#f2ad62,242,173,98
Hot Sauce,#ab4f41,171,79,65
Fish Bone,#e4d9c5,228,217,197
Cheesecake,#fffcda,255,252,218
Furious Frog,#55ee00,85,238,0
Velvet Cosmos,#441144,68,17,68
Champagne,#e9d2ac,233,210,172
Milk Tooth,#faebd7,250,235,215
Heavy Green,#49583e,73,88,62
Caramel Macchiato,#c58d4b,197,141,75
Noble Knight,#394d78,57,77,120
Golden Relic,#e8ce49,232,206,73
Kombucha,#d89f66,216,159,102
Peach Beauty,#e7c3ab,231,195,171
Fuchsia,#ed0dd9,237,13,217
Dire Wolf,#282828,40,40,40
Ferocious Fuchsia,#aa00cc,170,0,204
Cigar,#7d4e38,125,78,56
Dove,#b3ada7,179,173,167
Hulk,#008000,0,128,0
James Blonde,#f2e3b5,242,227,181
Hot Chilli,#b7513a,183,81,58
Eclipse,#3f3939,63,57,57
Atomic Lime,#b9ff03,185,255,3
Donegal Green,#115500,17,85,0
Oak Barrel,#715636,113,86,54
Namibia,#7c6d61,124,109,97
Dill,#6f7755,111,119,85
Nero,#252525,37,37,37
Pastel Pea,#bee7a5,190,231,165
Neon Fuchsia,#fe4164,254,65,100
Polished Limestone,#dcd5c8,220,213,200
Let it Snow,#d8f1f4,216,241,244
Roland-Garros,#bb5522,187,85,34
Fancy Fuchsia,#ff0088,255,0,136
Piggy Bank,#ffccbb,255,204,187
Creole,#393227,57,50,39
Egg Yolk,#ffce81,255,206,129
Avant-Garde Pink,#ff77ee,255,119,238
Shōji,#ded5c7,222,213,199
Currywurst,#ddaa33,221,170,51
Basil Smash,#b7e1a1,183,225,161
Vegetation,#5ccd97,92,205,151
First Crush,#f6e2ea,246,226,234
Oblivion,#000435,0,4,53
Vibrant Yellow,#ffda29,255,218,41
Flash in the Pan,#ff9977,255,153,119
Kelp Forest,#448811,68,136,17
Dark,#1b2431,27,36,49
Caduceus Staff,#eedd22,238,221,34
Dark Purple,#35063e,53,6,62
Steam Bath,#ccd0da,204,208,218
Hot Lava,#aa0033,170,0,51
Bank Vault,#757374,117,115,116
Pastel Grey,#cfcfc4,207,207,196
Beach Dune,#c6bb9c,198,187,156
Goku Orange,#f0833a,240,131,58
Night Mode,#234e86,35,78,134
Viola,#966ebd,150,110,189
Chocolate Temptation,#956e5f,149,110,95
Sugar Mint,#c0e2c5,192,226,197
Argent,#888888,136,136,136
Pinky,#fc86aa,252,134,170
Kindleflame,#e9967a,233,150,122
Yeti Footprint,#c7d7e0,199,215,224
Burning Trail,#ee9922,238,153,34
Snarky Mint,#9ae37d,154,227,125
Babe,#dc7b7c,220,123,124
Pink Elephants,#ff99ee,255,153,238
Sweet Desire,#aa33ee,170,51,238
Piggy,#ef98aa,239,152,170
High Sierra,#cedee2,206,222,226
Watermelonade,#eb4652,235,70,82
Onsen,#66eebb,102,238,187
La Vie en Rose,#d2a5a3,210,165,163
Blue Hour,#0034ab,0,52,171
Powdered,#f9f2e7,249,242,231
Ice Climber,#25e2cd,37,226,205
Mithril,#878787,135,135,135
Wild Rice,#d5bfb4,213,191,180
Cheese,#ffa600,255,166,0
Overgrown,#6b6048,107,96,72
White Smoke,#f5f5f5,245,245,245
Dancing Sea,#1c4d8f,28,77,143
Coffee Diva,#bea88d,190,168,141
Burning Fireflies,#ff1166,255,17,102
Link to the Past,#d2b48c,210,180,140
Wreath,#76856a,118,133,106
Pelican,#c1bcac,193,188,172
Opium,#987e7e,152,126,126
Plushy Pink,#eab7a8,234,183,168
Cold Turkey,#cab5b2,202,181,178
Aster,#867ba9,134,123,169
Opal Fire,#e49c86,228,156,134
Cloud Dancer,#f0eee9,240,238,233
Man Cave,#816045,129,96,69
Iceberg,#dae4ee,218,228,238
Deepsea Kraken,#082599,8,37,153
Pita,#f5e7d2,245,231,210
Kirby,#d74894,215,72,148
Minestrone,#c72616,199,38,22
Corn,#fbec5d,251,236,93
Peru,#cd853f,205,133,63
Olive Conquering White,#e4e5d8,228,229,216
Fortune Cookie,#e0c5a1,224,197,161
Ginger Ale,#c9a86a,201,168,106
Jakarta,#efddc3,239,221,195
Noxious,#89a203,137,162,3
Lynx,#604d47,96,77,71
Glacier,#78b1bf,120,177,191
Linen,#faf0e6,250,240,230
Black Wash,#0c0c0c,12,12,12
Indigo,#4b0082,75,0,130
Georgia Peach,#f97272,249,114,114
Iced Coffee,#b18f6a,177,143,106
Fail Whale,#99ccee,153,204,238
Honey Bee,#fcdfa4,252,223,164
Five Star,#ffaa4a,255,170,74
Plaster,#eaeaea,234,234,234
Jade Jewel,#247e81,36,126,129
Knight Rider,#0f0707,15,7,7
Cheesus,#ffcc77,255,204,119
Touch of Glamor,#dd8844,221,136,68
Good Karma,#333c76,51,60,118
Purple Void,#442244,68,34,68
Creamy Mint,#aaffaa,170,255,170
Mantis,#74c365,116,195,101
Frozen Forest,#cfe8b6,207,232,182
Prairie Land,#e2cc9c,226,204,156
Anger,#dd0055,221,0,85
Wave,#a5ced5,165,206,213
Angel Wing,#f3dfd7,243,223,215
Poison Ivy,#00ad43,0,173,67
Hot Beach,#fff6d9,255,246,217
Autumnal,#a15325,161,83,37
Glossy Black,#110011,17,0,17
Cashmere,#d1b399,209,179,153
French Blue,#0072bb,0,114,187
Poseidon,#123955,18,57,85
Pesto Rosso,#bb3333,187,51,51
Creamed Caramel,#b79c94,183,156,148
Silent Sea,#3a4a63,58,74,99
Foil,#c0c3c4,192,195,196
Kilimanjaro,#3a3532,58,53,50
Bread and Butter,#faedd2,250,237,210
Venus Slipper Orchid,#df73ff,223,115,255
Cashew Nut,#edccb3,237,204,179
Norway,#a4b88f,164,184,143
Bluetiful,#3c69e7,60,105,231
Harbour Blue,#417491,65,116,145
Hummus,#eecc99,238,204,153
Granola,#f5ce9f,245,206,159
Glow in the Dark,#befdb7,190,253,183
Illicit Purple,#bf77f6,191,119,246
Washed Dollar,#e1e3d7,225,227,215
Vanilla,#f3e5ab,243,229,171
Rubylicious,#db1459,219,20,89
Cardamom,#aaaa77,170,170,119
Yippie Ya Yellow,#f9f59f,249,245,159
Fennec Fox,#dad7c8,218,215,200
Melting Point,#cbe1e4,203,225,228
Bison,#6e4f3a,110,79,58
Burrito,#eed7c1,238,215,193
Cathedral,#acaaa7,172,170,167
Almond,#eddcc8,237,220,200
Majestic Magic,#555570,85,85,112
Muddy Rose,#e2beb4,226,190,180
Ecstatic Red,#aa1122,170,17,34
Fluorescent Turquoise,#00fdff,0,253,255
Nimbus Cloud,#d5d5d8,213,213,216
Dijon Mustard,#e2ca73,226,202,115
Ceramic,#fcfff9,252,255,249
Apollo Landing,#e5e5e1,229,229,225
Bluebonnet,#1c1cf0,28,28,240
Himalaya,#736330,115,99,48
Major Brown,#5b5149,91,81,73
Kiss,#d28ca7,210,140,167
Marsupilami,#fdf200,253,242,0
Koopa Green Shell,#58d854,88,216,84
Moutarde de Bénichon,#bf9005,191,144,5
Volt,#ceff00,206,255,0
Dusk,#4e5481,78,84,129
Flamenco,#ea8645,234,134,69
Mule,#827b77,130,123,119
Dark Orange,#c65102,198,81,2
Vanishing Point,#ddeedd,221,238,221
Dim,#c8c2be,200,194,190
Cappuccino,#633f33,99,63,51
Boa,#8e855f,142,133,95
Nettle,#bbac7d,187,172,125
Blush Bomb,#dd99aa,221,153,170
Jalapeno,#9a8d3f,154,141,63
Cathode Green,#00ff55,0,255,85
Lion,#c19a62,193,154,98
Köfte Brown,#773644,119,54,68
Acorn,#7e5e52,126,94,82
Whisky,#c2877b,194,135,123
Cola,#3c2f23,60,47,35
Cowboy,#443736,68,55,54
Possessed Red,#c2264d,194,38,77
Mimi Pink,#ffdae9,255,218,233
Glowlight,#fff6b9,255,246,185
Glimpse into Space,#121210,18,18,16
Heartbeat,#aa0000,170,0,0
Frosted Blueberries,#0055dd,0,85,221
Hello Spring,#44dd66,68,221,102
Japanese Bonsai,#829f96,130,159,150
Hollandaise,#ffee44,255,238,68
Hint of Yellow,#faf1cd,250,241,205
Nectarine,#ff8656,255,134,86
Baby Pink,#ffb7ce,255,183,206
Panorama,#327a88,50,122,136
Viridian,#1e9167,30,145,103
Oakwood,#bda58b,189,165,139
Fiord,#4b5a62,75,90,98
Polished Bronze,#cd7f32,205,127,50
Punk Rock Purple,#bb11aa,187,17,170
Bullet Hell,#faf1c8,250,241,200
Bubbles,#e7feff,231,254,255
Brink Pink,#fb607f,251,96,127
Dolphin,#86c4da,134,196,218
Wing Commander,#0065ac,0,101,172
Honey and Thyme,#aaaa00,170,170,0
Dreamless Sleep,#111111,17,17,17
Wheat,#fbdd7e,251,221,126
Coffee Adept,#775511,119,85,17
Happy Piglets,#f6cbca,246,203,202
Pepper Green,#007d60,0,125,96
Gentle Cold,#c3ece9,195,236,233
Later Gator,#008a51,0,138,81
Asphalt,#130a06,19,10,6
Cereal Flake,#efd7ab,239,215,171
Holy Crow,#332f2c,51,47,44
Wisteria,#a87dc2,168,125,194
Tartan Red,#b1282a,177,40,42
Ficus Elastica,#006131,0,97,49
Aztec,#293432,41,52,50
Genie,#3e4364,62,67,100
Zodiac Constellation,#ee8844,238,136,68
Light Mint,#b6ffbb,182,255,187
Beige,#e6daa6,230,218,166
Dungeon Keeper,#ef3038,239,48,56
Peppy Pineapple,#ffff44,255,255,68
Venus,#eed053,238,208,83
Eternal Flame,#a13f49,161,63,73
Devilish Diva,#ce7790,206,119,144
Tropical Forest,#024a43,2,74,67
Garlic Toast,#dddd88,221,221,136
Hipster Salmon,#fd7c6e,253,124,110
Put on Ice,#c8ddea,200,221,234
Mature Cognac,#9a463d,154,70,61
Prosciutto,#e0b4a4,224,180,164
Long Beach,#faefdf,250,239,223
Whipped Cream,#f2f0e7,242,240,231
Distant Landscape,#e1efdd,225,239,221
Flashlight,#f9eed6,249,238,214
Lagoon,#4d9e9a,77,158,154
Poodle Skirt,#ffaebb,255,174,187
Solar Ash,#cc6622,204,102,34
Exit Light,#55bb33,85,187,51
Frog,#58bc08,88,188,8
White Truffle,#efdbcd,239,219,205
Fly by Night,#1c1e4d,28,30,77
Lilac Spring,#8822cc,136,34,204
Once in a Blue Moon,#0044bb,0,68,187
Labrador,#f2ecd9,242,236,217
Cement Feet,#7b737b,123,115,123
Fleur-De-Lis,#b090c7,176,144,199
Tutu,#f8e4e3,248,228,227
Caponata,#822a10,130,42,16
Dusty Chimney,#888899,136,136,153
Coral Commander,#ee6666,238,102,102
Endless Galaxy,#000044,0,0,68
Delicate Seashell,#ffefdd,255,239,221
Blue Bay,#619ad6,97,154,214
Mojito,#e4f3e0,228,243,224
Asparagus,#77ab56,119,171,86
Drover,#fbeb9b,251,235,155
Moroccan Blue,#0f4e67,15,78,103
Büchel Cherry,#aa1111,170,17,17
Carona,#fba52e,251,165,46
Honied White,#fcefd1,252,239,209
Hottest Of Pinks,#ff80ff,255,128,255
Mallard,#254855,37,72,85
Cranberry,#9e003a,158,0,58
Warm Pink,#fb5581,251,85,129
High Grass,#bbdd00,187,221,0
Conifer,#b1dd52,177,221,82
Mango Tango,#ff8243,255,130,67
Caribbean Blue,#1ac1dd,26,193,221
Love Potion,#c01352,192,19,82
Yang Mist,#ede8dd,237,232,221
Leather,#906a54,144,106,84
Glazed Sugar,#ffdccc,255,220,204
Peppermint,#d7e7d0,215,231,208
Wisteria Blue,#84a2d4,132,162,212
Methadone,#cc2233,204,34,51
Pasta,#f7dfaf,247,223,175
Rare Red,#dd1133,221,17,51
Holland Tulip,#f89851,248,152,81
Starlit Night,#3b476b,59,71,107
Camping Trip,#67786e,103,120,110
Gargoyle,#abb39e,171,179,158
Bonfire,#f78058,247,128,88
Lost in Heaven,#002489,0,36,137
Fisher King,#5182b9,81,130,185
Last of Lettuce,#aadd66,170,221,102
Paprika,#7c2d37,124,45,55
Goose Bill,#ffba80,255,186,128
Bunny Tail,#ffe3f4,255,227,244
Lobster,#bb240c,187,36,12
Yellow Chalk,#f5f9ad,245,249,173
On Cloud Nine,#c2e7e8,194,231,232
Grizzly,#885818,136,88,24
Mermaid Tears,#d9e6a6,217,230,166
Moondance,#e5decc,229,222,204
Crash Dummy,#eeee66,238,238,102
English Breakfast,#441111,68,17,17
Haddock's Sweater,#277aba,39,122,186
Mamba,#766d7c,118,109,124
Brume,#c6c6c2,198,198,194
Castro,#44232f,68,35,47
Placebo,#e7e7e7,231,231,231
Conker,#b94e41,185,78,65
Hotspot,#ff4433,255,68,51
Pac-Man,#ffe737,255,231,55
Madonna,#3f4250,63,66,80
Brutal Pink,#ff00bb,255,0,187
Galactic Civilization,#442288,68,34,136
Magic Carpet,#9488be,148,136,190
Fluorescent Orange,#ffcf00,255,207,0
Mahogany,#c04000,192,64,0
Creamy Apricot,#ffe8bd,255,232,189
Oatmeal Cookie,#eadac6,234,218,198
Emerald,#028f1e,2,143,30
Excalibur,#676168,103,97,104
Lime Fizz,#cfe838,207,232,56
Maraschino,#ff2600,255,38,0
Italian Basil,#5f6957,95,105,87
Watermelon,#fd4659,253,70,89
Moon Glow,#f5f3ce,245,243,206
Imperial Red,#ec2938,236,41,56
Vanilla Blush,#fcede4,252,237,228
Amazon,#387b54,56,123,84
Niagara Falls,#cbe3ee,203,227,238
Candy Bar,#ffb7d5,255,183,213
Café Noir,#4b3621,75,54,33
Cognac,#d48c46,212,140,70
Lunar Base,#878786,135,135,134
Force of Nature,#d5ce69,213,206,105
Bordeaux,#7b002c,123,0,44
Hatoba Pigeon,#95859c,149,133,156
Sky Dancer,#4499ff,68,153,255
Waxy Corn,#f8b500,248,181,0
Buddha's Love Handles,#ffbb33,255,187,51
Jacuzzi,#007cac,0,124,172
Blood Burst,#ff474c,255,71,76
Morris Leaf,#c2d3af,194,211,175
Pastel Orange,#ff964f,255,150,79
Mario,#e4000f,228,0,15
Pixel Bleeding,#bb0022,187,0,34
Casper,#aab5b8,170,181,184
Forester,#9aa77c,154,167,124
Copper,#b87333,184,115,51
Orange Piñata,#ff6611,255,102,17
Jade,#00a86b,0,168,107
Matt Demon,#dd4433,221,68,51
Dandelion,#fedf08,254,223,8
Matt Purple,#9370db,147,112,219
Spectacular Purple,#bb00ff,187,0,255
Flying Fish Blue,#024aca,2,74,202
Bellflower,#5d66aa,93,102,170
Polenta,#efc47f,239,196,127
Yellowish,#faee66,250,238,102
Durian White,#e6d0ab,230,208,171
Ficus,#3b593a,59,89,58
Gum Leaf,#acc9b2,172,201,178
Gruyère Cheese,#f5deb3,245,222,179
Bohemian Blue,#0000aa,0,0,170
Anthracite,#28282d,40,40,45
Ghoul,#667744,102,119,68
Hello Winter,#99ffee,153,255,238
Dragon Ball,#ff9922,255,153,34
Black,#000000,0,0,0
Artichoke,#8f9779,143,151,121
Columbo's Coat,#d0cbce,208,203,206
Dolly,#f5f171,245,241,113
Gothic,#698890,105,136,144
Buckeye,#674834,103,72,52
Fresco,#f4dbd9,244,219,217
Koi,#d15837,209,88,55
Ash,#bebaa7,190,186,167
Blood Donor,#ea1822,234,24,34
Alone in the Dark,#000066,0,0,102
Hong Kong Taxi,#a8102a,168,16,42
Blue Screen of Death,#0033bb,0,51,187
Pirate Gold,#ba782a,186,120,42
Chocolate Bells,#775130,119,81,48
Light Pink,#ffd1df,255,209,223
Cotton Field,#f2f0e8,242,240,232
Muted Mauve,#b3a9a3,179,169,163
Deadly Depths,#111144,17,17,68
Brown Sugar,#a17249,161,114,73
Pure Passion,#b40039,180,0,57
Humble Hippo,#aaaa99,170,170,153
Twinkly Pinkily,#cf4796,207,71,150
Hornet Sting,#ff0033,255,0,51
Bacon Strips,#df3f32,223,63,50
Ibis,#f4b3c2,244,179,194
Interstellar Blue,#001155,0,17,85
Cedar Chest,#c95a49,201,90,73
Witch Hazel,#fbf073,251,240,115
Muddy Green,#657432,101,116,50
Brandy Bear,#aa5412,170,84,18
Pink Glitter,#fddfda,253,223,218
Blackwater,#545663,84,86,99
Bubble Gum,#ff85ff,255,133,255
Creamy Peach,#f4a384,244,163,132
Haiti,#2c2a35,44,42,53
Tuscan Sun,#ffd84d,255,216,77
Fatback,#fff7ed,255,247,237
Dark Secret,#3e5361,62,83,97
First Snow,#e8eff8,232,239,248
Paris Paving,#737274,115,114,116
Golden Boy,#ffdd44,255,221,68
Potato Chip,#fddc57,253,220,87
Sauna Steam,#edebe1,237,235,225
Candy Pink,#ff63e9,255,99,233
Mushroom,#bdaca3,189,172,163
Cover of Night,#494e4f,73,78,79
Basketball,#ee6730,238,103,48
Yuma Gold,#ffd678,255,214,120
Rapeseed,#c19a13,193,154,19
Bindi Red,#b0003c,176,0,60
Clay,#b66a50,182,106,80
Magna Cum Laude,#dd0066,221,0,102
Blue Velvet,#0d6183,13,97,131
Pilsener,#f8f753,248,247,83
Mother Nature,#bde1c4,189,225,196
Peanut Butter Jelly,#ce4a2d,206,74,45
Chocolate Castle,#452207,69,34,7
White Mecca,#ecf3e1,236,243,225
Pyramid,#9f7d4f,159,125,79
Rooftop Garden,#9ead92,158,173,146
Pepperoni,#aa4400,170,68,0
Vibrant Honey,#ffbd31,255,189,49
Naval,#41729f,65,114,159
Cafe Royale,#6a4928,106,73,40
Olive Bark,#5f5537,95,85,55
Roasted Pepper,#890a01,137,10,1
Peanut Butter Chicken,#ffb75f,255,183,95
Jubilant Jade,#44aa77,68,170,119
Guinea Pig,#987654,152,118,84
Hurricane,#8b7e77,139,126,119
Assassin,#2d4f83,45,79,131
Godzilla,#3c4d03,60,77,3
Hard Candy,#ffbbbb,255,187,187
Water Park,#54af9c,84,175,156
Poison Purple,#7f01fe,127,1,254
Grape,#6c3461,108,52,97
In A Pickle,#978c59,151,140,89
Yoshi,#55aa00,85,170,0
Firefly Glow,#fff3a1,255,243,161
Disappearing Memories,#eae3e0,234,227,224
Ashes to Ashes,#bbb3a2,187,179,162
Crepe,#d4bc94,212,188,148
Widowmaker,#99aaff,153,170,255
Deep Space Rodeo,#332277,51,34,119
Pink,#ffc0cb,255,192,203
Last Warning,#d30f3f,211,15,63
Nordic Breeze,#d3dde7,211,221,231
Cyber Yellow,#ffd400,255,212,0
Jungle King,#4f4d32,79,77,50
Blond,#faf0be,250,240,190
Master Chief,#507d2a,80,125,42
Here Comes the Sun,#fcdf63,252,223,99
Lipstick,#c95b83,201,91,131
Island Coral,#d8877a,216,135,122
Green,#00ff00,0,255,0
Catacomb Walls,#dbd7d0,219,215,208
Black Chocolate,#441100,68,17,0
Dogwood,#faeae2,250,234,226
Oh Boy!,#bbdaf8,187,218,248
Blood Orange,#d1001c,209,0,28
Muddy Brown,#886806,136,104,6
Crème Brûlée,#ffe39b,255,227,155
M. Bison,#b4023d,180,2,61
Chantilly,#edb8c7,237,184,199
Argan Oil,#8b593e,139,89,62
Platinum,#e5e4e2,229,228,226
Mascarpone,#ece6d4,236,230,212
Acid Green,#8ffe09,143,254,9
Pastel Lavender,#d8a1c4,216,161,196
Rare Blue,#0044ff,0,68,255
Dragon's Blood,#b84048,184,64,72
Angry Pasta,#ffcc55,255,204,85
Woodland Grass,#004400,0,68,0
Machinery,#9999aa,153,153,170
Frozen Turquoise,#53f6ff,83,246,255
Droplet,#aaddff,170,221,255
Warlord,#ba0033,186,0,51
Dallas Dust,#ece0d6,236,224,214
Blinking Terminal,#66cc00,102,204,0
Baba Ganoush,#eebb88,238,187,136
Funki Porcini,#ee9999,238,153,153
Montezuma Gold,#eecc44,238,204,68
H₂O,#bfe1e6,191,225,230
Mohalla,#a79b7e,167,155,126
Pastel Violet,#cb99c9,203,153,201
Celestial Horizon,#7c94b3,124,148,179
Velvet Black,#241f20,36,31,32
Popcorn,#f8de8d,248,222,141
Vermicelles,#bb835f,187,131,95
Garden Weed,#786e38,120,110,56
Lifeguard,#e50000,229,0,0
Daffodil,#ffff31,255,255,49
Mercury,#ebebeb,235,235,235
Mimosa,#f5e9d5,245,233,213
English Walnut,#3e2b23,62,43,35
Virgin Olive Oil,#e2dcab,226,220,171
Wedding Dress,#fefee7,254,254,231
Opera,#816575,129,101,117
Knock On Wood,#9f9b84,159,155,132
New Gold,#ead151,234,209,81
Papaya,#fea166,254,161,102
Wax,#ddbb33,221,187,51
Mississippi River,#3b638c,59,99,140
Earthworm,#c3816e,195,129,110
Candle in the Wind,#f9ebbf,249,235,191
Flickering Firefly,#f8f6e6,248,246,230
Obsidian Shard,#060313,6,3,19
Hibiscus,#b6316c,182,49,108
Queen of Hearts,#98333a,152,51,58
Purple Pizzazz,#fe4eda,254,78,218
Lime Mist,#ddffaa,221,255,170
Parchment,#fefcaf,254,252,175
Macabre,#880033,136,0,51
Concrete Jungle,#999988,153,153,136
Lip Gloss,#dfcdc7,223,205,199
Olivia,#996622,153,102,34
A State of Mint,#88ffcc,136,255,204
Soufflé,#cebbb3,206,187,179
Black Forest,#5e6354,94,99,84
Cold White,#edfcfb,237,252,251
Poppy Flower,#ec5800,236,88,0
Muesli,#9e7e53,158,126,83
Cantaloupe,#ffd479,255,212,121
Heavy Red,#9e1212,158,18,18
Infusion,#c8d0ca,200,208,202
Maison Verte,#e5f0d9,229,240,217
Salsa Verde,#cec754,206,199,84
King Lime,#add900,173,217,0
Moss,#009051,0,144,81
Vampire Bite,#c40233,196,2,51
Caramel Coating,#bb7711,187,119,17
Jackpot,#d19431,209,148,49
High Dive,#59b9cc,89,185,204
Leek,#98d98e,152,217,142
Oatmeal,#cbc3b4,203,195,180
Wine Grape,#941751,148,23,81
Galactic Highway,#3311bb,51,17,187
Steam,#dddddd,221,221,221
Granite,#746a5e,116,106,94
Summer Glow,#eeaa44,238,170,68
Finger Banana,#e1c12f,225,193,47
Cosmic,#b8b9cb,184,185,203
Glitter is not Gold,#fedc57,254,220,87
Looney Blue,#11ffff,17,255,255
Desert,#ccad60,204,173,96
Chrome White,#cac7b7,202,199,183
Neon Red,#ff073a,255,7,58
Armadillo,#484a46,72,74,70
Pony,#c6aa81,198,170,129
Dark Knight,#151931,21,25,49
Pastel Day,#dfd8e1,223,216,225
Olympian Blue,#1a4c8b,26,76,139
Jedi Night,#041108,4,17,8
Cavolo Nero,#72939e,114,147,158
Corfu Waters,#008aad,0,138,173
Brandy,#dcb68a,220,182,138
Sacrifice Altar,#850101,133,1,1
Porcini,#cca580,204,165,128
Pink Orchid,#da70d6,218,112,214
Pollen,#eeeeaa,238,238,170
Good Night!,#46565f,70,86,95
Kiwi,#7aab55,122,171,85
Tulip,#ff878d,255,135,141
Militant Vegan,#229955,34,153,85
Tangent Periwinkle,#50507f,80,80,127
Orb of Discord,#772299,119,34,153
Great Void,#3b5760,59,87,96
Begonia,#fa6e79,250,110,121
Persicus,#ffb49b,255,180,155
Plastic Veggie,#22ff22,34,255,34
Victorian Crown,#c38b36,195,139,54
Langoustine,#dc5226,220,82,38
Chaotic Roses,#bb2266,187,34,102
Cumulus,#f3f3e6,243,243,230
Warp Drive,#eaf2f1,234,242,241
Hot Butter,#e69d00,230,157,0
Alpine Expedition,#99eeff,153,238,255
Cinnamon,#d26911,210,105,17
Honeydew,#f0fff0,240,255,240
Peach Bud,#fdb2ab,253,178,171
Rajah,#fbab60,251,171,96
Perfume Cloud,#e2c9ce,226,201,206
Nebula,#a104c3,161,4,195
Festive Ferret,#dfdfe5,223,223,229
Cinderella,#fbd7cc,251,215,204
Fandango,#b53389,181,51,137
Grass,#5cac2d,92,172,45
Vibrant Orange,#ff7420,255,116,32
Burnt Red,#9f2305,159,35,5
Muted Pink,#d1768f,209,118,143
Wild Chocolate,#665134,102,81,52
Nautilus,#273c5a,39,60,90
Packing Paper,#ba9b5d,186,155,93
Foundation White,#efeeff,239,238,255
Lava Stone,#3c4151,60,65,81
Indica,#588c3a,88,140,58
Giraffe,#fefe33,254,254,51
Autumn Gold,#7d623c,125,98,60
Baltic,#279d9f,39,157,159
Halloween Punch,#dd2211,221,34,17
Xoxo,#f08497,240,132,151
Vivid Blue,#152eff,21,46,255
Stainless Steel,#b4bdc7,180,189,199
Grape Kiss,#7b4368,123,67,104
Cozy Wool,#d1b99b,209,185,155
Tiger of Mysore,#ff8855,255,136,85
Golden Coin,#fcd975,252,217,117
Dark Pink,#cb416b,203,65,107
French Winery,#991133,153,17,51
Extra Life,#6ab417,106,180,23
Vaporwave,#ff66ee,255,102,238
Wolfram,#7d8574,125,133,116
Cacodemon Red,#9f0000,159,0,0
Catfish,#657d82,101,125,130
Forget-Me-Not,#0087bd,0,135,189
Cold Lips,#9ba0ef,155,160,239
Gypsy Dancer,#c07c7b,192,124,123
Primrose,#d6859f,214,133,159
King Nacho,#ffb800,255,184,0
Unicorn Dust,#ff2f92,255,47,146
Blanc Cassé,#f1eee2,241,238,226
Glamour Pink,#ff1dcd,255,29,205
Doctor,#f9f9f9,249,249,249
Hint of Mint,#dff1d6,223,241,214
Malibu,#66b7e1,102,183,225
Candy Apple Red,#ff0800,255,8,0
Lionheart,#cc2222,204,34,34
Banana Bread,#ffcf73,255,207,115
Maple Syrup,#bb9351,187,147,81
Homeworld,#2299dd,34,153,221
Peacock Pride,#006663,0,102,99
Indian Red,#850e04,133,14,4
3AM in Shibuya,#225577,34,85,119
Greenfinch,#bda928,189,169,40
Cupid,#f5b2c5,245,178,197
Mars,#ad6242,173,98,66
Amaretto,#ab6f60,171,111,96
Pistachio,#93c572,147,197,114
Queen Blue,#436b95,67,107,149
Passion Potion,#e398af,227,152,175
Sunshone Plum,#886688,136,102,136
Gold,#ffd700,255,215,0
Garden Goddess,#99cea0,153,206,160
Dwarf Fortress,#1d0200,29,2,0
Wildfire,#ff8833,255,136,51
Fluorescent Red Orange,#fc8427,252,132,39
Phoenix Red,#e2725b,226,114,91
Grauzone,#85a3b2,133,163,178
Jellyfish Sting,#ee6688,238,102,136
Mangrove,#757461,117,116,97
In the Shadows,#cbc4c0,203,196,192
Fake Jade,#13eac9,19,234,201
Olive,#808010,128,128,16
Powder Puff,#ffeff3,255,239,243
City Dweller,#c0b9ac,192,185,172
Lemon Curd,#ffee11,255,238,17
Black Hole,#010203,1,2,3
Hive,#ffff77,255,255,119
Cherry Berry,#9f4d65,159,77,101
Herbal,#29ab87,41,171,135
Dinosaur Egg,#cabaa9,202,186,169
What We Do in the Shadows,#441122,68,17,34
Peekaboo,#e6dee6,230,222,230
Warm Brown,#964e02,150,78,2
Sneaky Sesame,#896a46,137,106,70
Bisque,#ffe4c4,255,228,196
Dwarven Bronze,#bf652e,191,101,46
Malibu Sun,#fff2d9,255,242,217
Cork Wood,#cc7744,204,119,68
Harbor Mist,#88aaaa,136,170,170
Golden Blood,#ff1155,255,17,85
Gameboy Screen,#8bac0f,139,172,15
Calcium Rock,#eee9d9,238,233,217
Smoke Dragon,#ccbbaa,204,187,170
Nippon,#bc002c,188,0,44
Cobalt,#030aa7,3,10,167
C64 Blue,#003aff,0,58,255
Whale Shark,#607c8e,96,124,142
Pastel Blue,#a2bffe,162,191,254
Gold Tooth,#dbb40c,219,180,12
Violet Kiss,#f0a0d1,240,160,209
Homeopathic Orange,#f2e6e1,242,230,225
Master Key,#ddcc88,221,204,136
Velvet,#750851,117,8,81
Cryo Freeze,#ddece0,221,236,224
Palm,#afaf5e,175,175,94
Fire,#8f3f2a,143,63,42
Green Envy,#77aa00,119,170,0
Coconut,#965a3e,150,90,62
Natural Wool,#fff6d7,255,246,215
Blue Moon,#3686a0,54,134,160
Trapped Darkness,#0e1d32,14,29,50
Lilac,#cea2fd,206,162,253
20000 Leagues Under the Sea,#191970,25,25,112
Petal Pink,#f2e2e0,242,226,224
Vibrant Vine,#4b373a,75,55,58
Liver,#534b4f,83,75,79
Windsor Toffee,#ccb490,204,180,144
June Bud,#bdda57,189,218,87
Muted Blue,#3b719f,59,113,159
Lion King,#dd9933,221,153,51
Hold Your Horses,#705446,112,84,70
Lemon Grass,#999a86,153,154,134
Metal Gear,#a2c3db,162,195,219
Maniac Mansion,#004058,0,64,88
Marigold,#fcc006,252,192,6
Bold Irish,#2a814d,42,129,77
Mutabilis,#c29594,194,149,148
Cabaret,#cd526c,205,82,108
Homeopathic Yellow,#ede7d7,237,231,215
Bellini,#f4c9b1,244,201,177
Lush Green,#bbee00,187,238,0
Grand Bleu,#015482,1,84,130
Cabbage,#87d7be,135,215,190
Fairy Dust,#ffe8f4,255,232,244
Zucchini,#17462e,23,70,46
Ebi Brown,#773c30,119,60,48
Fuzzy Wuzzy,#cc6666,204,102,102
Blackout,#0e0702,14,7,2
Kitten's Paw,#daa89b,218,168,155
Hole In One,#4aae97,74,174,151
Homeopathic Green,#e1ebd8,225,235,216
Mauvelous,#d6b3c0,214,179,192
Phantom,#6e797b,110,121,123
Horror Snob,#d34d4d,211,77,77
Hint of Orange,#f8e6d9,248,230,217
Picante,#8d3f2d,141,63,45
Heat Signature,#e3000e,227,0,14
Pure Blue,#0203e2,2,3,226
Cocoon,#dedbcc,222,219,204
Negroni,#eec7a2,238,199,162
Hot Cacao,#a5694f,165,105,79
Charismatic Red,#ee2244,238,34,68
Girl Power,#d39bcb,211,155,203
Cucumber,#006400,0,100,0
Everglade,#264334,38,67,52
Heavy Brown,#73624a,115,98,74
Treetop,#91b6ac,145,182,172
Chocolate Kiss,#3c1421,60,20,33
Bone,#e0d7c6,224,215,198
York Plum,#d3bfe5,211,191,229
Italian Grape,#413d4b,65,61,75
Lifeline,#990033,153,0,51
Lilac Lotion,#ff3388,255,51,136
NYC Taxi,#f7b731,247,183,49
Deep Sea Diver,#255c61,37,92,97
Pink Blush,#f4acb6,244,172,182
Lunatic Lynx,#ddaa88,221,170,136
Earl Grey,#a6978a,166,151,138
Infinity,#6e7e99,110,126,153
Pebble Beach,#7f8285,127,130,133
La Luna,#ffffe5,255,255,229
Homeopathic Rose,#e8dbdd,232,219,221
Femme Fatale,#948593,148,133,147
Xmas Candy,#990020,153,0,32
Guns N' Roses,#ff0077,255,0,119
Dead Forest,#434b4f,67,75,79
Airborne,#a2c2d0,162,194,208
Lucky Clover,#008400,0,132,0
Momo Peach,#f47983,244,121,131
Mighty Mauve,#8f7f85,143,127,133
Quince,#d4cb60,212,203,96
Backyard,#879877,135,152,119
Highland,#7a9461,122,148,97
Zucchini Noodles,#c8d07f,200,208,127
Brandywine Spritz,#e69dad,230,157,173
Periwinkle,#8e82fe,142,130,254
Paradiso,#488084,72,128,132
Mona Lisa,#ff9889,255,152,137
Amber,#ffbf00,255,191,0
Night Watch,#3c4f4e,60,79,78
Sakura Night,#7b6c7c,123,108,124
Mint Twist,#98cbba,152,203,186
Bleeding Heart,#c02e4c,192,46,76
Ruby,#ca0147,202,1,71
Harlock's Cape,#bb0000,187,0,0
High Blue,#4ca8e0,76,168,224
Pulp,#e18289,225,130,137
Fireball,#ce2029,206,32,41
Mochito,#8efa00,142,250,0
Nickel,#929292,146,146,146
Vapor Trail,#f5eedf,245,238,223
Nocturne,#7a4b56,122,75,86
Candy Grape Fizz,#7755ee,119,85,238
Pheasant,#c68463,198,132,99
Lavender Ash,#9998a7,153,152,167
Grasshopper,#77824a,119,130,74
Very Berry,#b73275,183,50,117
Fire Ant,#be6400,190,100,0
Leapfrog,#41a94f,65,169,79
Melting Glacier,#e9f9f5,233,249,245
Crystal,#a7d8de,167,216,222
Neon Green,#39ff14,57,255,20
Lust,#e62020,230,32,32
Iron Maiden,#d6d1dc,214,209,220
Hadfield Blue,#1177ff,17,119,255
Quicksand,#ac9884,172,152,132
Fool's Gold,#cad175,202,209,117
Knit Cardigan,#6d6c5f,109,108,95
Cotton Ball,#f2f7fd,242,247,253
Bermuda,#1b7d8d,27,125,141
Liquorice,#0a0502,10,5,2
Mediterranea,#32575d,50,87,93
Violent Violet,#7f00ff,127,0,255
Hazel,#ae7250,174,114,80
Lush Bamboo,#afbb33,175,187,51
Pickled Radish,#ee1144,238,17,68
Gédéon Brown,#7f5f00,127,95,0
Plum Kingdom,#aa3377,170,51,119
Blue Lips,#a6bce2,166,188,226
Ginger,#b06500,176,101,0
Cauliflower,#ebe5d0,235,229,208
Nature,#bfd5b3,191,213,179
Windstorm,#6d98c4,109,152,196
Medieval Blue,#29304e,41,48,78
Rage,#ff1133,255,17,51
Alpaca,#f7e5da,247,229,218
Foggy Day,#e7e3db,231,227,219
Hint of Green,#dfeade,223,234,222
Buzz,#f0c641,240,198,65
Magenta Elephant,#de0170,222,1,112
Blister Pearl,#aaffee,170,255,238
White Asparagus,#eceabe,236,234,190
Honey Teriyaki,#ee6611,238,102,17
Gin Fizz,#f8eaca,248,234,202
Matt Green,#39ad48,57,173,72
Jewel,#136843,19,104,67
Electra,#55b492,85,180,146
Herbivore,#88ee77,136,238,119
Emptiness,#fcfdfc,252,253,252
Laksa,#e6bf95,230,191,149
Inkjet,#44556b,68,85,107
Barbarossa,#a84734,168,71,52
Thunder & Lightning,#f9f5db,249,245,219
A Dime a Dozen,#d3dde4,211,221,228
Dark Sapphire,#082567,8,37,103
Enraged,#ee0044,238,0,68
Pastel Green,#77dd77,119,221,119
Magnesium,#c1c2c3,193,194,195
Mount Olympus,#d4ffff,212,255,255
Illicit Pink,#ff5ccd,255,92,205
Buttermilk,#fffee4,255,254,228
Smashing Pumpkins,#ff5522,255,85,34
Mustard Seed,#c69f26,198,159,38
Virtual Boy,#fe0215,254,2,21
Violet,#9a0eea,154,14,234
Emergency,#911911,145,25,17
Splashing Wave,#44ddff,68,221,255
Cute Crab,#dd4444,221,68,68
Preppy Rose,#d1668f,209,102,143
Beluga,#eff2f1,239,242,241
Burnt Coffee,#271b10,39,27,16
Paella,#dcc61f,220,198,31
Oriental Herbs,#118822,17,136,34
Lake Lucerne,#689db7,104,157,183
Dark Cyan,#008b8b,0,139,139
Nipple,#bb7777,187,119,119
Royal Star,#fede4f,254,222,79
Bourbon,#af6c3e,175,108,62
Highway to Hell,#cd1102,205,17,2
Haystacks,#cfac47,207,172,71
Jinza Safflower,#ee827c,238,130,124
Lichen,#9bc2b1,155,194,177
Everlasting Ice,#f6fdfa,246,253,250
Frog Prince,#bbd75a,187,215,90
Ottoman Red,#ee2222,238,34,34
Pumpkin,#ff7518,255,117,24
Bay View,#6a819e,106,129,158
Bullfrog,#8a966a,138,150,106
Just Pink Enough,#ffebee,255,235,238
Carrot,#fd6f3b,253,111,59
Weathered Wood,#b19c86,177,156,134
Hot Jazz,#bc3033,188,48,51
Glamour White,#fffcec,255,252,236
Bleu Ciel,#007ba1,0,123,161
Jambalaya,#f7b572,247,181,114
Fish Ceviche,#e1e1d5,225,225,213
Long-Haul Flight,#002277,0,34,119
Groovy Giraffe,#eeaa11,238,170,17
Gull,#918c8f,145,140,143
Incense,#af9a7e,175,154,126
Borderline Pink,#ee1166,238,17,102
Peachy Milk,#f3e0d8,243,224,216
Deserted Beach,#e7dbbf,231,219,191
Memory Lane,#c7d1db,199,209,219
Discrete Pink,#ebdbdd,235,219,221
Desert Dune,#b5ab9c,181,171,156
Chinese New Year,#ff3366,255,51,102
Fox,#c38743,195,135,67
Aqua,#00ffff,0,255,255
Electric Eel,#88bbee,136,187,238
Pearl Brite,#e6e6e3,230,230,227
Pastel Purple,#b39eb5,179,158,181
Polar Expedition,#c9e7e3,201,231,227
Outback,#c9a375,201,163,117
Quiche Lorraine,#fed56f,254,213,111
Chicken Comb,#dd2222,221,34,34
Fiji Sands,#d8caa9,216,202,169
Black Sabbath,#220022,34,0,34
McNuke,#33ff11,51,255,17
Cockatoo,#58c8b6,88,200,182
Medium Roast,#3c2005,60,32,5
Evening Glow,#fdd792,253,215,146
Dropped Brick,#bb3300,187,51,0
Pacific Depths,#004488,0,68,136
Elastic Pink,#eca6ca,236,166,202
Palm Leaf,#36482f,54,72,47
Larb Gai,#dfc6aa,223,198,170
Magma,#ff4e01,255,78,1
Morning Snow,#f5f4ed,245,244,237
Vermillion,#da3b1f,218,59,31
Horizon,#648894,100,136,148
Apple Cherry,#f81404,248,20,4
Blueberry,#464196,70,65,150
Wind Blown,#dde3e7,221,227,231
Nevermind Nirvana,#7bc8f6,123,200,246
Cranberry Splash,#da5265,218,82,101
Orange,#ffa500,255,165,0
Monkey Island,#553b39,85,59,57
Freezing Vapor,#d4e9f5,212,233,245
Halt Red,#ff004f,255,0,79
Cold Blue,#88dddd,136,221,221
Midori,#2a603b,42,96,59
Worn Silver,#c9c0bb,201,192,187
Vegas Gold,#c5b358,197,179,88
Full Moon,#f4f3e0,244,243,224
Nightmare,#112211,17,34,17
Curry Sauce,#be9e6f,190,158,111
Big Fish to Fry,#dadbe1,218,219,225
Diva Mecha,#ee99ee,238,153,238
Muted Clay,#d29380,210,147,128
Firebug,#cd5c51,205,92,81
Broccoli Green,#4b5338,75,83,56
Armor,#74857f,116,133,127
Luxor Gold,#ab8d3f,171,141,63
Inca Yellow,#ffd301,255,211,1
Distant Homeworld,#acdcee,172,220,238
3am Latte,#c0a98e,192,169,142
Arcade Fire,#ee3311,238,51,17
Magic Ink,#0247fe,2,71,254
Mana Tree,#4f7942,79,121,66
Mint-o-licious,#b6e9c8,182,233,200
Brisket,#6e4534,110,69,52
Cascara,#ee4433,238,68,51
Transcendence,#f8f4d8,248,244,216
Donkey Kong,#ab4210,171,66,16
Lacquered Licorice,#383838,56,56,56
Space Dust,#002299,0,34,153
Couscous,#ffe29b,255,226,155
Bronzed,#dd6633,221,102,51
Milk Mustache,#faf3e6,250,243,230
Peach Puff,#ffdab9,255,218,185
Blue Ribbon,#0066ff,0,102,255
Bubblegum Baby Girl,#cc55ee,204,85,238
Canary,#fdff63,253,255,99
Hay Day,#dacd81,218,205,129
Lime Zest,#ddff00,221,255,0
Overdue Blue,#4400ff,68,0,255
Honey Glow,#e8b447,232,180,71
Muddy Olive,#4b5d46,75,93,70
Prune,#701c11,112,28,17
Light Spirited,#d8eee7,216,238,231
Winter Duvet,#ffffe0,255,255,224
Volcanic Ash,#6f7678,111,118,120
Praise the Sun,#f3f4d9,243,244,217
Indochine,#9c5b34,156,91,52
Horseradish,#e6dfc4,230,223,196
Batman,#656e72,101,110,114
Queer Blue,#88ace0,136,172,224
Medallion,#c3a679,195,166,121
Featherbed,#afcbe5,175,203,229
Coconut Milk,#f0ede5,240,237,229
Molten Core,#ff5800,255,88,0
Kashmir,#6f8d6a,111,141,106
Poseidon Jr.,#66eeee,102,238,238
Heat Wave,#ff7a00,255,122,0
Royal Night,#2b3191,43,49,145
Morocco,#b67267,182,114,103
Clear Water,#aad5db,170,213,219
Pergament,#bfa58a,191,165,138
Gunmetal,#536267,83,98,103
Perfect Pink,#e5b3b2,229,179,178
Ivory,#fffff0,255,255,240
Northern Star,#ffffea,255,255,234
Kosher Khaki,#888877,136,136,119
Ice,#d6fffa,214,255,250
Microchip,#babcc0,186,188,192
Cool,#96b3b3,150,179,179
Fiery Glow,#f0531c,240,83,28
Hello Fall,#995533,153,85,51
Buff It,#d9cfbe,217,207,190
Velvet Wine,#9a435d,154,67,93
Not Yo Cheese,#ffc12c,255,193,44
Pineapple Whip,#ead988,234,217,136
Pineapple Sorbet,#f7f4da,247,244,218
Starry Night,#286492,40,100,146
Marina,#4f84c4,79,132,196
Magentle,#aa11aa,170,17,170
Young Salmon,#ffb6b4,255,182,180
Beautiful Darkness,#686d70,104,109,112
Young Crab,#f6a09d,246,160,157
Never Forget,#a67283,166,114,131
Double Cream,#f3e0ac,243,224,172
Persian Red,#cc3333,204,51,51
Monet Magic,#c1acc3,193,172,195
Vice City,#ee00dd,238,0,221
Blue Bikini,#00bbee,0,187,238
Firewatch,#ee8866,238,136,102
Green Olive,#8d8b55,141,139,85
Curry Bubbels,#f5b700,245,183,0
Blank Canvas,#ffefd6,255,239,214
Parfait,#c8a6a1,200,166,161
Indian Silk,#8a5773,138,87,115
Black Truffle,#463d3e,70,61,62
Neon Violet,#674876,103,72,118
Pomodoro,#c30232,195,2,50
Mustard Musketeers,#d5a129,213,161,41
Pinch Me,#c88ca4,200,140,164
Grey Marble,#b9b4b1,185,180,177
Avocado,#568203,86,130,3
John Lemon,#eeff22,238,255,34
Ancient Scroll,#f5e6de,245,230,222
Ginger Beer,#c27f38,194,127,56
Onyx,#464544,70,69,68
Philodendron,#116356,17,99,86
Juggernaut,#255367,37,83,103
Irish Moor,#b5c0b3,181,192,179
Gourmet Honey,#e3cba8,227,203,168
Pretty in Pink,#fabfe4,250,191,228
Chimera,#74626d,116,98,109
Sour Yellow,#eeff04,238,255,4
Clairvoyant,#480656,72,6,86
Maize,#f4d054,244,208,84
Whisky Cola,#772233,119,34,51
Grey Area,#8f9394,143,147,148
Mellow Mango,#cc4400,204,68,0
Frozen Mammoth,#dfd9da,223,217,218
Joker's Smile,#d70141,215,1,65
Goldilocks,#fff39a,255,243,154
Hobgoblin,#01ad8f,1,173,143
Retro Vibe,#cb9711,203,151,17
Fedora,#625665,98,86,101
Fire Engine,#fe0002,254,0,2
Purple Noir,#322c56,50,44,86
Digger's Gold,#a37336,163,115,54
Lightning Bolt,#e5ebe6,229,235,230
Permafrost,#98eff9,152,239,249
Hidden Paradise,#5e8b3d,94,139,61
Azure,#007fff,0,127,255
Clotted Cream,#f3efcd,243,239,205
Evil Forces,#770022,119,0,34
Orchid,#7a81ff,122,129,255
Flickr Pink,#fb0081,251,0,129
Imperial Ivory,#f1e8d2,241,232,210
Funky Frog,#98bd3c,152,189,60
Nightfall,#43535e,67,83,94
Bat's Blood Soup,#ee3366,238,51,102
Dwindling Dandelion,#f9e9d7,249,233,215
Winter Storm,#4b7079,75,112,121
Purple's Baby Sister,#eec3ee,238,195,238
Go Go Green,#008a7d,0,138,125
Exotic Escape,#96d9df,150,217,223
Gentle Caress,#fcd7ba,252,215,186
Jack and Coke,#920f0e,146,15,14
End of Summer,#cc8f15,204,143,21
Cherry Tomato,#f2013f,242,1,63
Lambs Wool,#e6d1b2,230,209,178
Greedy Gecko,#aa9922,170,153,34
Neon Purple,#bc13fe,188,19,254
Shin Godzilla,#9a373f,154,55,63
Cooler Than Ever,#77bbff,119,187,255
Hot Pink,#ff028d,255,2,141
Wineberry,#663366,102,51,102
Platinum Blonde,#f0e8d7,240,232,215
Mykonos,#387abe,56,122,190
Christmas Red,#b01b2e,176,27,46
Majesty,#593761,89,55,97
LeChuck's Beard,#3c351f,60,53,31
Bruschetta,#a75949,167,89,73
Orange Juice,#ff7f00,255,127,0
Pistachio Shell,#d7cfbb,215,207,187
Vivid Violet,#9f00ff,159,0,255
Astral,#376f89,55,111,137
Silver Bird,#fbf5f0,251,245,240
Flickering Light,#fff1dc,255,241,220
Whale's Tale,#115a82,17,90,130
Nebulous,#c4b9b8,196,185,184
Pinball,#d3d3d3,211,211,211
Pinky Swear,#eeaaee,238,170,238
Wild Forest,#38914a,56,145,74
Feta,#dbe0d0,219,224,208
Goblin Green,#76ff7a,118,255,122
Charm,#d0748b,208,116,139
Bumblebee,#ffc82a,255,200,42
Concord,#827f79,130,127,121
Light Blush,#e9c4cc,233,196,204
Oxblood,#800020,128,0,32
Moonscape,#725f69,114,95,105
Espresso Macchiato,#4f4744,79,71,68
Gecko,#9d913c,157,145,60
Cotton Candy Explosions,#dd22ff,221,34,255
Blue Blood,#6b7f81,107,127,129
Macadamia,#e4cfb6,228,207,182
Tadorna Teal,#7ad7ad,122,215,173
Race the Sun,#eef3d0,238,243,208
Ivy,#226c63,34,108,99
Arrowwood,#bc8d1f,188,141,31
Peachy Pinky,#ff775e,255,119,94
White Chalk,#f6f4f1,246,244,241
Hemp,#987d73,152,125,115
Pearl,#eae0c8,234,224,200
Yacht Club,#566062,86,96,98
Tardis Blue,#003b6f,0,59,111
Oyster,#e3d3bf,227,211,191
Java,#259797,37,151,151
Burning Ultrablue,#150aec,21,10,236
Breath of Fire,#ee0011,238,0,17
Dark Dreams,#332266,51,34,102
Crumbling Statue,#cabfb4,202,191,180
Mulled Cider,#a18162,161,129,98
Helium,#eae5d8,234,229,216
Verminal,#55cc11,85,204,17
Tomato Baby,#e10d18,225,13,24
Blossom,#fee9d8,254,233,216
Himalayan Salt,#c07765,192,119,101
Flirt,#7a2e4d,122,46,77
Gremlin,#a79954,167,153,84
Nervous Neon Pink,#ff6ec7,255,110,199
Water,#d4f1f9,212,241,249
Hot Cuba,#bb0033,187,0,51
Night Rendezvous,#66787e,102,120,126
Night Kite,#005572,0,85,114
Timeless Beauty,#b6273e,182,39,62
Lucky Penny,#bc6f37,188,111,55
Dune,#d5c0a1,213,192,161
Bronze,#a87900,168,121,0
Walrus,#999b9b,153,155,155
Lime Twist,#c6d624,198,214,36
Humble Blush,#e3cdc2,227,205,194
Green Revolution,#009944,0,153,68
Duck Butter,#ddc75b,221,199,91
Hairy Heath,#633528,99,53,40
Castaway Beach,#d0c19f,208,193,159
Waterworld,#00718a,0,113,138
Petrified,#8b8680,139,134,128
Inchworm,#b2ec5d,178,236,93
Slice of Heaven,#0022ee,0,34,238
Magical Stardust,#eaeadb,234,234,219
Corona,#ffb437,255,180,55
Tropical Dream,#d9eae5,217,234,229
Light Yellow,#fffe7a,255,254,122
Polished Copper,#b66325,182,99,37
Boutique Beige,#e1cead,225,206,173
Spikey Red,#600000,96,0,0
Banana,#fffc79,255,252,121
Deep Sky Blue,#0d75f8,13,117,248
Paper White,#eef0f3,238,240,243
Fuji Peak,#f6eee2,246,238,226
Aquamarine,#2ee8bb,46,232,187
Iguana,#818455,129,132,85
Night Sky,#2a2a35,42,42,53
Cuba Libre,#73383c,115,56,60
Weathered Stone,#c4c4c4,196,196,196
Piment Piquant,#cc2200,204,34,0
Lavish Spending,#8469bc,132,105,188
Warm Blue,#4b57db,75,87,219
Black Magic,#4f4554,79,69,84
Cold Shoulder,#d4e0ef,212,224,239
Vicious Violet,#8f509d,143,80,157
Tiger King,#dd9922,221,153,34
Walnut,#773f1a,119,63,26
Ravioli al Limone,#fade79,250,222,121
Jupiter,#e1e1e2,225,225,226
Polished Gold,#eeaa55,238,170,85
Crushed Ice,#c4fff7,196,255,247
Apocalyptic Orange,#f4711e,244,113,30
Jealous Jellyfish,#bb0099,187,0,153
Crow,#180614,24,6,20
Deep Saffron,#ff9932,255,153,50
Radical Red,#ff355e,255,53,94
Cypress,#545a3e,84,90,62
Heron,#62617e,98,97,126
Holy Grail,#e8d720,232,215,32
French Wine,#ac1e44,172,30,68
Wine Tour,#653b66,101,59,102
Vinaigrette,#efdaae,239,218,174
Butternut,#ffa177,255,161,119
Strawberry Dreams,#ff88aa,255,136,170
Black Pearl,#1e272c,30,39,44
Jumbo,#878785,135,135,133
Knight's Armor,#5c5d5d,92,93,93
Lost at Sea,#8d9ca7,141,156,167
Bittersweet,#fea051,254,160,81
Court-Bouillon,#cecb97,206,203,151
Ketchup,#9a382d,154,56,45
Lollipop,#cc1c3b,204,28,59
Peach Fuzz,#ffc7b9,255,199,185
Iron Fist,#cbcdcd,203,205,205
Vapor,#f0ffff,240,255,255
Marshmallow,#f0eee4,240,238,228
Dark Sanctuary,#3f012c,63,1,44
May Green,#4c9141,76,145,65
Party Pig,#ee99ff,238,153,255
Lawn Green,#4da409,77,164,9
Weissbier,#b3833b,179,131,59
Pebble,#9d9880,157,152,128
Bee Yellow,#feff32,254,255,50
Blackberry Yogurt,#e5bddf,229,189,223
Limoncello,#bfff00,191,255,0
White Pearl,#ede1d1,237,225,209
Sand Ripples,#c1b7b0,193,183,176
Electric Yellow,#fffc00,255,252,0
Pink Pleasure,#ffdfe5,255,223,229
Homeopathic Blue,#dbe7e3,219,231,227
Natural Light,#f1ebc8,241,235,200
Windows 95 Desktop,#018281,1,130,129
Katy Berry,#aa0077,170,0,119
Daisy Desi,#fcdf8a,252,223,138
Winter Wizard,#a0e6ff,160,230,255
Warm Purple,#952e8f,149,46,143
Berries n Cream,#f2b8ca,242,184,202
Inuit Blue,#d8e4e7,216,228,231
Grape Candy,#905284,144,82,132
Pearl White,#f3f2ed,243,242,237
Dark Denim,#005588,0,85,136
Tropical Fog,#cbcab6,203,202,182
Montreux Blue,#5879a2,88,121,162
Enchanting Ivy,#315955,49,89,85
Fuchsia Nebula,#7722aa,119,34,170
Aquarius,#3cadd4,60,173,212
Jet d'Eau,#d1eaec,209,234,236
Grey,#808080,128,128,128
Barberry,#ee1133,238,17,51
Dried Tomatoes,#ab6057,171,96,87
China Silk,#e3d1cc,227,209,204
Delicate Lemon,#eedd77,238,221,119
Blue Martini,#52b4d3,82,180,211
Kefir,#d5d5ce,213,213,206
Crystal Lake,#88b5c4,136,181,196
Stormy Horizon,#777799,119,119,153
Belladonna,#220011,34,0,17
Brain Freeze,#00eeff,0,238,255
Bay,#bae5d6,186,229,214
Pumpkin Pie,#e99e56,233,158,86
Waikiki,#218ba0,33,139,160
Cardboard,#c19a6c,193,154,108
Another One Bites the Dust,#c7bba4,199,187,164
Nymph's Delight,#7b6c8e,123,108,142
Pastel Lilac,#bdb0d0,189,176,208
Necklace Pearl,#f6eeed,246,238,237
Cyan,#0ff0fe,15,240,254
Rampant Rhubarb,#603231,96,50,49
Mint,#3eb489,62,180,137
Purple Poodle,#dab4cc,218,180,204
Violet Velvet,#b19cd9,177,156,217
Grotesque Green,#64e986,100,233,134
Maniac Green,#009000,0,144,0
Fine Pine,#008800,0,136,0
Moonraker,#c0b2d7,192,178,215
Hot Curry,#815b28,129,91,40
Whisky Sour,#eeaa33,238,170,51
Pomegranate,#c35550,195,85,80
Mango Cheesecake,#fbedda,251,237,218
Primal Green,#11875d,17,135,93
Heavy Orange,#ee4328,238,67,40
Döner Kebab,#bb7766,187,119,102
Lima,#a9f971,169,249,113
Whiskey Sour,#d4915d,212,145,93
Nut Cracker,#816c5b,129,108,91
Purple,#800080,128,0,128
Maiden's Blush,#f3d3bf,243,211,191
Partial Pink,#ffedf8,255,237,248
Waffle Cone,#e2c779,226,199,121
Cherry Velvet,#e10646,225,6,70
Dark Blue,#305679,48,86,121
Chickadee,#ffcf65,255,207,101
King Lizard,#77dd22,119,221,34
Mexican Chile,#d16d76,209,109,118
Cookie Dough,#ab7100,171,113,0
Blue Whale,#1e3442,30,52,66
Salty Ice,#cce2f3,204,226,243
Oriental Olive,#445533,68,85,51
Pink Poison,#ff007e,255,0,126
Ambrosia,#d2e7ca,210,231,202
Fluorescent Lime,#bdc233,189,194,51
In for a Penny,#ee8877,238,136,119
Wishing Well,#d0d1c1,208,209,193
Jaguar,#29292f,41,41,47
Lead,#212121,33,33,33
Fresh Blue of Bel Air,#069af3,6,154,243
Frogger,#8cd612,140,214,18
Purple Illusion,#b8b8f8,184,184,248
First Love,#cf758a,207,117,138
Metroid Red,#f83800,248,56,0
Pasta Rasta,#eec474,238,196,116
Caramel Crumb,#c39355,195,147,85
Nude Flamingo,#e58f7c,229,143,124
Bianca,#f4efe0,244,239,224
Coconut Macaroon,#dacac0,218,202,192
Opal Green,#157954,21,121,84
Khaki,#c3b091,195,176,145
Grapest,#880066,136,0,102
Mink,#8a7561,138,117,97
Organic,#747261,116,114,97
Martini,#b7a8a3,183,168,163
Gratin Dauphinois,#e0d2a9,224,210,169
Wood Bark,#302621,48,38,33
BioShock,#889900,136,153,0
Charcoal,#343837,52,56,55
Mediterranean Sea,#1e8cab,30,140,171
Warrior,#7d685b,125,104,91
Jack-o,#fb9902,251,153,2
Velvet Scarf,#e3dfec,227,223,236
Kiwi Kiss,#eef9c1,238,249,193
Oasis,#0092a3,0,146,163
Redrum,#ff2200,255,34,0
Dark & Stormy,#353f51,53,63,81
Light Lilac,#dcc6d2,220,198,210
Jungle,#00a466,0,164,102
Extraviolet,#661188,102,17,136
Estragon,#a5af76,165,175,118
Evergreen,#11574a,17,87,74
Crème Fraîche,#f7f0e2,247,240,226
North Atlantic,#536d70,83,109,112
Mellow Apricot,#f8b878,248,184,120
Flirtatious Flamingo,#cc22ff,204,34,255
Chartreuse,#c1f80a,193,248,10
Honey,#ba9238,186,146,56
Grilled,#633f2e,99,63,46
Hammam Blue,#65dcd6,101,220,214
Big Spender,#acddaf,172,221,175
Day On Mercury,#d5d2d1,213,210,209
Mikado Yellow,#ffc40c,255,196,12
Marble White,#f2f0e6,242,240,230
Indian Mesa,#d5a193,213,161,147
Cane Sugar,#e3b982,227,185,130
Bento Box,#cc363c,204,54,60
Lazy Daisy,#f6eba1,246,235,161
Borlotti Bean,#d9b1aa,217,177,170
Lost in the Woods,#014426,1,68,38
Midnight Express,#21263a,33,38,58
Anchovy,#756f6b,117,111,107
Abyssal Waters,#005765,0,87,101
Below Zero,#87cded,135,205,237
Bath Bubbles,#e6f2ea,230,242,234
Marine,#042e60,4,46,96
Gangsters Gold,#ffdd22,255,221,34
Hollow Knight,#330055,51,0,85
Neon Blue,#04d9ff,4,217,255
Glacial Ice,#eae9e7,234,233,231
Fog,#d6d7d2,214,215,210
Fresh Snow,#f6efe1,246,239,225
Midnight,#03012d,3,1,45
Macau,#46c299,70,194,153
Berry,#990f4b,153,15,75
Veranda Gold,#af9968,175,153,104
Lusty Lips,#d5174e,213,23,78
Wasabi,#afd77f,175,215,127
Bamboo Forest,#b1a979,177,169,121
Maizena,#fbec5e,251,236,94
Haute Couture,#a0252a,160,37,42
Broom,#eecc24,238,204,36
Fricassée,#ffe6c2,255,230,194
Cherry Paddle Pop,#fe314b,254,49,75
Ice Cold,#d2eaf1,210,234,241
Lemonade,#f0e79d,240,231,157
Woodgrain,#996633,153,102,51
Peas Please,#8c7f3c,140,127,60
Cornflake,#f0e68c,240,230,140
Pimm's,#c3585c,195,88,92
Brass Buttons,#dfac4c,223,172,76
Deer,#ba8759,186,135,89
Ghost White,#f8f8ff,248,248,255
Candied Apple,#b95b6d,185,91,109
Blue Bell,#93b4d7,147,180,215
Honeycomb,#ddaa11,221,170,17
Jaffa,#e27945,226,121,69
Plastic Lips,#aa2266,170,34,102
Mayan Treasure,#ce9844,206,152,68
Red Menace,#aa2121,170,33,33
Greystone,#b7b9b5,183,185,181
Spicy Sweetcorn,#f6ac00,246,172,0
Halo,#e2c392,226,195,146
Venom Dart,#01ff01,1,255,1
Porcelain,#dddcdb,221,220,219
Dr. White,#fafafa,250,250,250
Gatsby Glitter,#eed683,238,214,131
Golden Retriever,#eedec7,238,222,199
Mountain View,#2e3d30,46,61,48
Machu Picchu Gardens,#99bb33,153,187,51
Fiesta,#edd8d2,237,216,210
Eminence,#6e3974,110,57,116
Dr Who,#78587d,120,88,125
Papyrus,#999911,153,153,17
Vibrant Blue,#0339f8,3,57,248
Kiss A Frog,#bec187,190,193,135
Goddess,#d0e1e8,208,225,232
Blues White Shoes,#99badd,153,186,221
Fluorescent Red,#ff5555,255,85,85
Munsell Blue,#0093af,0,147,175
Imperial,#602f6b,96,47,107
Eggplant,#430541,67,5,65
Gazelle,#947e68,148,126,104
Dust to Dust,#bbbcbc,187,188,188
Orbital,#6d83bb,109,131,187
Lazy Lizard,#9c9c4b,156,156,75
Melancholia,#12390d,18,57,13
Money,#7b9a6d,123,154,109
Pompelmo,#ff6666,255,102,102
Coquelicot,#ff3800,255,56,0
Hint of Pink,#f1e4e1,241,228,225
Bangalore,#bbaa88,187,170,136
Peach Fizz,#ffa883,255,168,131
Pink Horror,#90305d,144,48,93
Pink Ink,#ff1476,255,20,118
Professor Plum,#393540,57,53,64
Pizza,#bf8d3c,191,141,60
Deep Night,#494c55,73,76,85
Green Tea,#b5b68f,181,182,143
King Kong,#161410,22,20,16
Floating Feather,#e9d8c2,233,216,194
Wonder Wine,#635d63,99,93,99
Che Guevara Red,#ed214d,237,33,77
Light Blue,#add8e6,173,216,230
Pink Floyd,#eb9a9d,235,154,157
Pacific,#1f595c,31,89,92
Heavenly Sky,#6b90b3,107,144,179
Citadel,#748995,116,137,149
Darth Vader,#0b0b0b,11,11,11
Homeopathic Lilac,#e1e0eb,225,224,235
Lightning Bug,#efde74,239,222,116
Limonana,#11dd66,17,221,102
Mocha,#9d7651,157,118,81
Fluorescent Green,#08ff08,8,255,8
Diva,#c9a0ff,201,160,255
Neon Yellow,#cfff04,207,255,4
Ridgeback,#ef985c,239,152,92
Moccasin,#fbebd6,251,235,214
Purple Pirate,#bb00aa,187,0,170
Amore,#ae2f48,174,47,72
Vineyard,#819e84,129,158,132
Brick Red,#8f1402,143,20,2
Butter,#ffff81,255,255,129
White Chocolate,#f0e3c7,240,227,199
Dark Souls,#a3a3a2,163,163,162
Calypso,#3d7188,61,113,136
Guacamole,#95986b,149,152,107
Inca Gold,#bb7a2c,187,122,44
Corbeau,#111122,17,17,34
Raging Raisin,#aa3333,170,51,51
Muted Purple,#805b87,128,91,135
Precious Persimmon,#ff7744,255,119,68
Hyper Light Drifter,#eddbda,237,219,218
Night Market,#4c6177,76,97,119
Gin Tonic,#ecebe5,236,235,229
Princess Peach,#f878f8,248,120,248
Four Leaf Clover,#738f5d,115,143,93
Landjäger,#af403c,175,64,60
Yucca,#75978f,117,151,143
Laser Lemon,#ffff66,255,255,102
Kermit Green,#5cb200,92,178,0
Bonsai Garden,#9e9e7c,158,158,124
Fish Boy,#11dddd,17,221,221
Cow's Milk,#f1ede5,241,237,229
Tuscan,#fbd5a6,251,213,166
Pea,#a4bf20,164,191,32
Peanut Butter,#be893f,190,137,63
Wax Flower,#eeb39e,238,179,158
Plum Perfect,#aa1155,170,17,85
Fading Horizon,#442266,68,34,102
Copper Coin,#da8a67,218,138,103
Kobe,#882d17,136,45,23
Film Noir,#473933,71,57,51
Pastel Red,#ff6961,255,105,97
Merlot Fields,#712735,113,39,53
Grape Green,#a8e4a0,168,228,160
The Vast of Night,#110066,17,0,102
Demonic,#bb2233,187,34,51
Cocoa,#875f42,135,95,66
Mercurial,#b6b0a9,182,176,169
Delicate Ice,#b7d2e3,183,210,227
Fresh Gum,#ffaadd,255,170,221
Cameo,#f2debc,242,222,188
Dark Crypt,#3f4551,63,69,81
Pisco Sour,#beeb71,190,235,113
Perrywinkle,#8f8ce7,143,140,231
Violet Pink,#fb5ffc,251,95,252
Embarrassment,#ff7777,255,119,119
Maritime,#bdcfea,189,207,234
Bark,#5f5854,95,88,84
Oh My Gold,#eebb55,238,187,85
Safety Orange,#ff6600,255,102,0
Broad Daylight,#bbddff,187,221,255
Rusty Heart,#a04039,160,64,57
Nile,#b4bb85,180,187,133
Hong Kong Mist,#948e90,148,142,144
Mille-Feuille,#efc87d,239,200,125
Hippy,#eae583,234,229,131
Kabul,#6c5e53,108,94,83
Planet Earth,#daddc3,218,221,195
Punch,#dc4333,220,67,51
Ochre Spice,#e96d03,233,109,3
Clementine,#e96e00,233,110,0
Amor,#ee3377,238,51,119
Cumin,#a58459,165,132,89
Perfume Haze,#f3e9f7,243,233,247
Quack Quack,#ffe989,255,233,137
Cinder,#242a2e,36,42,46
Cherry Blossom,#f7cee0,247,206,224
Parmesan,#ffffdd,255,255,221
Kale,#5a7247,90,114,71
Zenith,#497a9f,73,122,159
Pleasure,#80385c,128,56,92
Frozen Tomato,#dd5533,221,85,51
Lime,#aaff32,170,255,50
Isle of Dreams,#bcccb5,188,204,181
Heavy Heart,#771122,119,17,34
Green Glint,#dcf1c7,220,241,199
Hot Lips,#c9312b,201,49,43
Brown Coffee,#4a2c2a,74,44,42
Lunar Landing,#d2cfc1,210,207,193
Voila!,#af8ba8,175,139,168
Coyote,#dc9b68,220,155,104
Bat Wing,#7e7466,126,116,102
Lolita,#bf2735,191,39,53
Nomad,#a19986,161,153,134
Devil's Advocate,#ff3344,255,51,68
Varnished Ivory,#e6dccc,230,220,204
Chess Ivory,#ffe9c5,255,233,197
Maroon,#800000,128,0,0
Freefall,#565266,86,82,102
Pleasing Pink,#f5cdd2,245,205,210
Matterhorn,#524b4b,82,75,75
Diamond White,#e2eff3,226,239,243
Escargot,#fff1d8,255,241,216
Munsell Yellow,#efcc00,239,204,0
Water Lily,#dde3d5,221,227,213
Phantom Ship,#2f3434,47,52,52
Butterum,#c68f65,198,143,101
Heavy Metal,#46473e,70,71,62
Mystic Magenta,#e02e82,224,46,130
Calm Waters,#e7fafa,231,250,250
Baby Bear,#6f5944,111,89,68
Purple Ink,#9a2ca0,154,44,160
Walk in the Park,#88bb11,136,187,17
Jelly Slug,#de6646,222,102,70
Beetroot Purple,#cf2d71,207,45,113
Coffee,#6f4e37,111,78,55
Bengal,#cc974d,204,151,77
Nude Lips,#b5948d,181,148,141
Cornsilk,#fff8dc,255,248,220
Magenta Affair,#aa44dd,170,68,221
Crusade King,#dbc364,219,195,100
Fusilli,#f1e8d6,241,232,214
Chocoholic,#993300,153,51,0
Green Field,#88aa77,136,170,119
Hedge Garden,#00aa11,0,170,17
Pesto Alla Genovese,#558800,85,136,0
Desire,#ea3c53,234,60,83
Pretty Pastry,#dfcdb2,223,205,178
Valentine Lava,#ba0728,186,7,40
Pink Pride,#ef1de7,239,29,231
Malt,#ddcfbc,221,207,188
Hamtaro Brown,#b07426,176,116,38
Fluorescent Pink,#fe1493,254,20,147
Benevolent Pink,#dd1188,221,17,136
Sapphire Glitter,#0033cc,0,51,204
Viking Diva,#cabae0,202,186,224
Mother Earth,#849c8d,132,156,141
Becquerel,#4bec13,75,236,19
Vampire State Building,#cc1100,204,17,0
White Sand,#f5ebd8,245,235,216
Gentle Frost,#dce0cd,220,224,205
Deep Lagoon,#005265,0,82,101
Salmon Poké Bowl,#ee7777,238,119,119
Mental Floss,#deb4c5,222,180,197
Morning Bread,#e7e6de,231,230,222
Pancake,#f7d788,247,215,136
Hey Blue!,#16f8ff,22,248,255
Dark Eclipse,#112244,17,34,68
Purple Climax,#8800ff,136,0,255
Brown,#653700,101,55,0
Muscat Blanc,#ebe2cf,235,226,207
Pomelo Red,#e38fac,227,143,172
Down Feathers,#fff9e7,255,249,231
Bigfoot,#715145,113,81,69
Break the Ice,#b2e1ee,178,225,238
Pegasus,#e8e9e4,232,233,228
Wine Barrel,#aa5522,170,85,34
Night Snow,#aaccff,170,204,255
Orangina,#fec615,254,198,21
Green Tea Mochi,#90a96e,144,169,110
Raspberry,#b00149,176,1,73
Cosmic Explorer,#551155,85,17,85
Little Mermaid,#2d454a,45,69,74
Frothy Milk,#faede6,250,237,230
Megaman,#3cbcfc,60,188,252
Paradise Pink,#e4445e,228,68,94
Yellow,#ffff00,255,255,0
Mermaid Blues,#004477,0,68,119
Mega Metal Mecha,#dfcbcf,223,203,207
Muted Lime,#d1c87c,209,200,124
Iridescent,#3a5b52,58,91,82
Botanical Night,#12403c,18,64,60
Blood Rush,#aa2222,170,34,34
Bureaucracy,#746c8f,116,108,143
Green Thumb,#779900,119,153,0
Magnificent Magenta,#ee22aa,238,34,170
Cortex,#a99592,169,149,146
Warm Ash,#cfc9c7,207,201,199
Meadow Yellow,#f7da90,247,218,144
Violet Vixen,#883377,136,51,119
Peanut,#7a4434,122,68,52
Quicksilver,#a6a6a6,166,166,166
Castle in the Sky,#d1eaed,209,234,237
Desired Dawn,#d8d7d9,216,215,217
Noble Plum,#871f78,135,31,120
Aluminium,#848789,132,135,137
Apricot,#ffb16d,255,177,109
Wine Tasting,#492a34,73,42,52
Muddy Yellow,#bfac05,191,172,5
Irish Clover,#53734c,83,115,76
Homeopathic Lime,#e9f6e2,233,246,226
Pina Colada,#f4deb3,244,222,179
Morning Mist,#e5edf1,229,237,241
Fogtown,#eef0e7,238,240,231
Peach Crème Brûlée,#ffe19d,255,225,157
Edamame,#9ca389,156,163,137
Cold Canada,#dbfffe,219,255,254
Puma,#96711c,150,113,28
Rosecco,#eebbdd,238,187,221
White Russian,#f0e0dc,240,224,220
Delicate Cloud,#dddfe8,221,223,232
Zen Garden,#d1dac0,209,218,192
Denim,#2243b6,34,67,182
Mellow Melon,#ee2266,238,34,102
Vintage,#847592,132,117,146
Yorkshire Cloud,#bac3cc,186,195,204
Ephemeral Red,#e4cfd7,228,207,215
Kimchi,#ed4b00,237,75,0
Curry,#d6a332,214,163,50
Deep Forest,#37413a,55,65,58
Zombie,#595a5c,89,90,92
Café Au Lait,#a57c5b,165,124,91
Ultraberry,#770088,119,0,136
Eggshell,#f0ead6,240,234,214
Misty Morning,#b2c8bd,178,200,189
Cheeky Chestnut,#7b4d3a,123,77,58
Frost,#e1e4c5,225,228,197
Cheesy Frittata,#f0e093,240,224,147
Nugget,#bc9229,188,146,41
Acapulco Dive,#65a7dd,101,167,221
Cheese Please,#ff9613,255,150,19
Mosque,#005f5b,0,95,91
Hazelnut,#a8715a,168,113,90
Flora,#73fa79,115,250,121
Homeopathic Red,#ecdbe0,236,219,224
Cocoloco,#aa8f7a,170,143,122
Canyon Sunset,#e1927a,225,146,122
Hamster Fur,#a6814c,166,129,76
Piglet,#ffc0c6,255,192,198
Neon Boneyard,#dfc5fe,223,197,254
Pineapple Perfume,#eeee88,238,238,136
Fawn,#cfaf7b,207,175,123
Frostbite,#acfffc,172,255,252
Pigeon,#a9afaa,169,175,170
Coco Malt,#e4dcc9,228,220,201
Cosmic Bit Flip,#001000,0,16,0
Vanilla Ice,#fdf2d1,253,242,209
Jasmine,#fff4bb,255,244,187
Pastel Mint,#cef0cc,206,240,204
Espresso,#4e312d,78,49,45
Tender Shoot,#e8eace,232,234,206
Forgotten Mosque,#e2d9db,226,217,219
Pinot Noir,#605258,96,82,88
Witchcraft,#474c50,71,76,80
Warm Light,#fff9d8,255,249,216
Moth,#d2cbaf,210,203,175
One Year of Rain,#29465b,41,70,91
Crown Jewel,#482d54,72,45,84
Pastry,#f8deb8,248,222,184
Flattered Flamingo,#ee6655,238,102,85
Dark Red,#840000,132,0,0
Bread Crumb,#e4d4be,228,212,190
Wave Splash,#cbe4e7,203,228,231
Deep Green,#02590f,2,89,15
Aurora,#eddd59,237,221,89
Fresh Cut Grass,#91cb7d,145,203,125
Bloodthirsty,#880011,136,0,17
Celestial,#006380,0,99,128
Midsummer Nights,#0011ee,0,17,238
Bats Cloak,#1f1518,31,21,24
Grim White,#f6f1f4,246,241,244
Royal Purpleness,#881177,136,17,119
Gale of the Wind,#007844,0,120,68
Willow Leaf,#a1a46d,161,164,109
Possessed Purple,#881166,136,17,102
Cactus,#5b6f55,91,111,85
Camellia,#f6745f,246,116,95
Dynasty Green,#008e80,0,142,128
Active Volcano,#bb1133,187,17,51
Vegetarian,#22aa00,34,170,0
Heartless,#623b70,98,59,112
Love Juice,#cc1155,204,17,85
Matt White,#ffffd4,255,255,212
Turf Master,#009922,0,153,34
Lily,#c19fb3,193,159,179
Swamp Monster,#005511,0,85,17
Hello Darkness My Old Friend,#802280,128,34,128
Water Leaf,#b6ecde,182,236,222
Emerald Forest,#224347,34,67,71
Chicken Masala,#cc8822,204,136,34
Green Glimmer,#00bb00,0,187,0
Baklava,#efb435,239,180,53
Naughty Hottie,#ba403a,186,64,58
Bluebell,#333399,51,51,153
Black Sheep,#0f0d0d,15,13,13
Dark Void,#151517,21,21,23
Alien Abduction,#0cff0c,12,255,12
Fern,#548d44,84,141,68
Ballerina,#f2cfdc,242,207,220
Kenyan Copper,#6c322e,108,50,46
Helvetia Red,#f00000,240,0,0
Black Metal,#060606,6,6,6
Glimpse of Void,#335588,51,85,136
Caramel Finish,#ffd59a,255,213,154
Matt Pink,#ffb6c1,255,182,193
Fuego,#ee5533,238,85,51
Hint of Red,#f6dfe0,246,223,224
Nuclear Blast,#bbff00,187,255,0
Detective Coat,#8b8685,139,134,133
Wild Horses,#8d6747,141,103,71
Sweet Mint Pesto,#bbee99,187,238,153
Dusky Mood,#979ba8,151,155,168
Bright Star,#dde2e6,221,226,230
Blue Bobbin,#52b4ca,82,180,202
Mango,#ffa62b,255,166,43
Nuclear Throne,#00de00,0,222,0
Emerald Glitter,#66bb00,102,187,0
Pastel Turquoise,#99c5c4,153,197,196
Too Dark Tonight,#0011bb,0,17,187
Honeysuckle,#e8ed69,232,237,105
Carmine,#9d0216,157,2,22
Minion Yellow,#fed55d,254,213,93
Peach Fury,#f88435,248,132,53
Griffin,#8d8f8f,141,143,143
Sugar Quill,#ebe5d7,235,229,215
Mont Blanc,#9eb6d8,158,182,216
Latte,#c5a582,197,165,130
Emoji Yellow,#ffde34,255,222,52
Plum,#5a315d,90,49,93
Caveman,#625c58,98,92,88
Meat,#f08080,240,128,128
Emperor Jade,#007b75,0,123,117
Ariel,#aed7ea,174,215,234
Gun Powder,#484753,72,71,83
Illicit Green,#56fca2,86,252,162
White,#ffffff,255,255,255
Piercing Pink,#dd00ee,221,0,238
Milk Chocolate,#7f4e1e,127,78,30
Mermaid's Kiss,#59c8a5,89,200,165
Maharaja,#3f354f,63,53,79
Oriental Blush,#d7c6e1,215,198,225
Mustard,#ceb301,206,179,1
Voldemort,#2d135f,45,19,95
Candy Corn,#fcfc5d,252,252,93
Rainforest,#009a70,0,154,112
Bear Hug,#796359,121,99,89
Blackberry,#43182f,67,24,47
Cookie Crust,#e3b258,227,178,88
King Neptune,#7794c0,119,148,192
Kirsch,#b2132b,178,19,43
Chalet,#c29867,194,152,103
Ayahuasca Vine,#665500,102,85,0
Violet Vapor,#e5dae1,229,218,225
Lincoln Green,#195905,25,89,5
Bergamot,#95c703,149,199,3
Plutonium,#35fa00,53,250,0
Pharmaceutical Green,#087e34,8,126,52
Hydra,#006995,0,105,149
Desert Locust,#a9a450,169,164,80
Mexican Standoff,#ec9f76,236,159,118
Harvest Gold,#eab76a,234,183,106
Obsidian,#445055,68,80,85
Purple Heart,#69359c,105,53,156
Pickled,#b3a74b,179,167,75
Salted Caramel Popcorn,#fdb251,253,178,81
Ginger Dough,#b06d3b,176,109,59
Fly a Kite,#c8daf5,200,218,245
Nuclear Mango,#ee9933,238,153,51
White Porcelain,#f8fbf8,248,251,248
Bethlehem Superstar,#eaeeda,234,238,218
Melon,#ff7855,255,120,85
Phaser Beam,#ff4d00,255,77,0
Light Red,#f3d3d9,243,211,217
Camel Cardinal,#cc9944,204,153,68
Poisonous Dart,#77ff66,119,255,102
Bruise,#7e4071,126,64,113
Orange Crush,#ee7733,238,119,51
Copacabana,#006c8d,0,108,141
Flaming Flamingo,#dd55ff,221,85,255
Fist of the North Star,#225599,34,85,153
Firecracker,#f36944,243,105,68
Matt Lilac,#dec6d3,222,198,211
Big Bang Pink,#ff0099,255,0,153
Fizz,#b1dbaa,177,219,170
Birch White,#f6eedf,246,238,223
Promenade,#f8f6df,248,246,223
Miyamoto Red,#e4030f,228,3,15
Eat Your Greens,#696845,105,104,69
Pink Panther,#ff0090,255,0,144
Jazzy Jade,#55ddcc,85,221,204
Garden Snail,#cdb1ab,205,177,171
Matt Black,#151515,21,21,21
Grim Grey,#e3dcd6,227,220,214
PCB Green,#002d04,0,45,4
Foggy Love,#d5c7e8,213,199,232
Eucalyptus,#329760,50,151,96
Dead Pixel,#3b3a3a,59,58,58
Ranch House,#7b645a,123,100,90
Gold Rush,#c4a777,196,167,119
Chili Con Carne,#985e2b,152,94,43
Head in the Clouds,#d1dde1,209,221,225
Tiger,#be9c67,190,156,103
Mountain Dew,#cfe2e0,207,226,224
Fish Pond,#86c8ed,134,200,237
Campfire,#ce5f38,206,95,56
Dorn Yellow,#fff200,255,242,0
Yellow Submarine,#ffff14,255,255,20
Minotaurus Brown,#882211,136,34,17
Polished Apple,#862a2e,134,42,46
Billiard,#00aa92,0,170,146
Mellow Mint,#ddedbd,221,237,189
Graphite Black,#262a2b,38,42,43
Paradise Bird,#ff8c55,255,140,85
Jurassic Park,#3c663e,60,102,62
Fabric of Space,#341758,52,23,88
Cookie Crumb,#b19778,177,151,120
Turquoise,#06c2ac,6,194,172
Vampire Red,#dd4132,221,65,50
La Palma,#428929,66,137,41
Koromiko,#feb552,254,181,82
Isolation,#494d55,73,77,85
Nouveau-Riche,#ffbb77,255,187,119
Furious Red,#ff1100,255,17,0
Caribou,#816d5e,129,109,94
Citrus,#9fb70a,159,183,10
Pork Belly,#f8e0e7,248,224,231
Nightlife,#27426b,39,66,107
Jet Black,#2d2c2f,45,44,47
Sour Green,#c1e613,193,230,19
Meteorite,#4a3b6a,74,59,106
Grain of Salt,#d8dbe1,216,219,225
Cafe Latte,#d6c6b4,214,198,180
Brilliance,#fdfdfd,253,253,253
Happy Hippo,#818581,129,133,129
Lights Out,#3d474b,61,71,75
Wasabi Nori,#333300,51,51,0
Blue,#0000ff,0,0,255
Dream Setting,#ff77bb,255,119,187
Orbital Kingdom,#220088,34,0,136
Biscuit Dough,#e8dbbd,232,219,189
Garfield,#a75429,167,84,41
Iron,#5e5e5e,94,94,94
In Good Taste,#b6d4a0,182,212,160
Leaf,#71aa34,113,170,52
Lemon Tart,#ffdd66,255,221,102
Ms. Pac-Man Kiss,#ff00aa,255,0,170
Intergalactic,#4d516c,77,81,108
Hourglass,#e5e0d5,229,224,213
Last Straw,#e3dbcd,227,219,205
Wintermint,#94d2bf,148,210,191
Placebo Yellow,#fcfbeb,252,251,235
Coin Slot,#ff4411,255,68,17
Old Gold,#cfb53b,207,181,59
Dynamite,#ff4422,255,68,34
Luscious Lemongrass,#517933,81,121,51
Pastel Magenta,#f49ac2,244,154,194
Pastel Pink,#dea5a4,222,165,164
We Peep,#fdd7d8,253,215,216
Instant Noodles,#f4d493,244,212,147
Crystal Gem,#79d0a7,121,208,167
Pink Prestige,#ee99aa,238,153,170
Carnivore,#991111,153,17,17
Autumn Crocodile,#447744,68,119,68
Celery,#b4c04c,180,192,76
Kings Yellow,#ead665,234,214,101
Foliage,#95b388,149,179,136
Mount Eden,#e7efe0,231,239,224
Furry Lion,#f09338,240,147,56
Majestic Eggplant,#443388,68,51,136
Continental Waters,#98c6cb,152,198,203
Starship Tonic,#cce7e8,204,231,232
Flirty Salmon,#fa7069,250,112,105
Bud Green,#79b465,121,180,101
Intense Passion,#df3163,223,49,99
Artisans Gold,#f2ab46,242,171,70
Captain Kirk,#9b870c,155,135,12
Spaghetti Monster,#eecc88,238,204,136
Archeology,#6e6a5e,110,106,94
Beyond the Pines,#688049,104,128,73
Black Knight,#010b13,1,11,19
Rosé,#f7746b,247,116,107
Mademoiselle Pink,#f504c9,245,4,201
Martian,#aea132,174,161,50
Tropical Turquoise,#04cdff,4,205,255
Lush Garden,#008811,0,136,17
Mandarin,#f37a48,243,122,72
Dangerous Robot,#cbc5c6,203,197,198
Flip-Flop,#f2c4a7,242,196,167
Gingerbread House,#ca994e,202,153,78
Lit,#fffed8,255,254,216
Chain Mail,#81777f,129,119,127
Cherry,#cf0234,207,2,52
Lindworm Green,#172808,23,40,8
Pink Party,#ff55ee,255,85,238
Coalmine,#220033,34,0,51
Magnet,#4d4b4f,77,75,79
Intimate Journal,#ccbb99,204,187,153
Yellow Buzzing,#eedd11,238,221,17
Mosslands,#779966,119,153,102
Cuttlefish,#7fbbc2,127,187,194
Vintage Copper,#9d5f46,157,95,70
Netherworld,#881111,136,17,17
Homeopathic Mint,#e5ead8,229,234,216
Dark Forest,#556962,85,105,98
Piercing Red,#dd1122,221,17,34
Lacrosse,#2e5c58,46,92,88
Back In Black,#16141c,22,20,28
German Hop,#89ac27,137,172,39
Plum Highness,#885577,136,85,119
Ecological,#677f70,103,127,112
Cotton Candy,#ffbcd9,255,188,217
Dragon Fire,#fc642d,252,100,45
Pink Flamingo,#ff66ff,255,102,255
Plein Air,#bfcad6,191,202,214
Lush,#c5bda0,197,189,160
Bat-Signal,#feff00,254,255,0
Hydro,#426972,66,105,114
Fake Love,#cc77ee,204,119,238
Pine,#2b5d34,43,93,52
Green Goblin,#11bb33,17,187,51
Oriental Ruby,#ce536b,206,83,107
Valkyrie,#eecc22,238,204,34
Oriental Pink,#c28e88,194,142,136
Royal Milk Tea,#f7cfb4,247,207,180
Framboise,#e40058,228,0,88
Macaroni,#f3d085,243,208,133
Gravlax,#ec834f,236,131,79
Eiffel Tower,#998e83,153,142,131
Flip a Coin,#ccddcc,204,221,204
Cloudless,#d6eafc,214,234,252
Chocolate Rain,#714f29,113,79,41
Pelati,#ff3333,255,51,51
Neptune Green,#7fbb9e,127,187,158
Flying Carpet,#787489,120,116,137
Merino,#e1dbd0,225,219,208
Atomic Pink,#fb7efd,251,126,253
Endo,#5da464,93,164,100
Peaches of Immortality,#d98586,217,133,134
Coral Kiss,#ffddc7,255,221,199
Agent Orange,#ee6633,238,102,51
Medlar,#d5d7bf,213,215,191
Pinkalicious,#ff99ff,255,153,255
Obscure Ogre,#771908,119,25,8
Herbal Vapors,#ddffcc,221,255,204
King of Waves,#c6dce7,198,220,231
Star of Life,#057bc1,5,123,193
Muted Green,#5fa052,95,160,82
Bitter Lemon,#d2db32,210,219,50
Wet Asphalt,#989cab,152,156,171
Furnace,#dd4124,221,65,36
Aloe Vera,#678779,103,135,121
Pirate's Hook,#b08f42,176,143,66
Warm Welcome,#ea9073,234,144,115
Gunsmoke,#7a7c76,122,124,118
Your Shadow,#787e93,120,126,147
Ruthless Empress,#573894,87,56,148
Orb of Harmony,#eedd44,238,221,68
Verde,#7fb383,127,179,131
Old Heart,#e66a77,230,106,119
Wild Wheat,#e0e1d1,224,225,209
Belgian Waffle,#f3dfb6,243,223,182
Violet Poison,#8601bf,134,1,191
Passionate Plum,#753a58,117,58,88
Free Spirit,#deeeed,222,238,237
Peach Cream,#fff0db,255,240,219
Pesto di Rucola,#748a35,116,138,53
Chewing Gum,#e6b0af,230,176,175
Mole,#392d2b,57,45,43
Jalapeno Red,#b2103c,178,16,60
Pitch-Black Forests,#003322,0,51,34
Boiling Magma,#ff3300,255,51,0
Breeze,#c2dde6,194,221,230
Magnolia,#fff9e4,255,249,228
Hint of Blue,#cee1f2,206,225,242
Glow Worm,#bed565,190,213,101
Tropical Rain,#447777,68,119,119
Devilish,#dd3322,221,51,34
Sinister,#12110e,18,17,14
Gin,#d9dfcd,217,223,205
Magnolia Petal,#f7eee3,247,238,227
Lighthouse Glow,#f8d568,248,213,104
Muddy Mauve,#e4b3cc,228,179,204
King Triton,#3c85be,60,133,190
Port Wine,#a17a83,161,122,131
Fuzzy Sheep,#f0e9d1,240,233,209
Mellow Yellow,#f8de7f,248,222,127
Monza,#c7031e,199,3,30
Cardinal,#c41e3a,196,30,58
Hazelnut Chocolate,#7b3f00,123,63,0
Old Whiskey,#ddaa55,221,170,85
Fennel Flower,#77aaff,119,170,255
Precious Pumpkin,#e16233,225,98,51
Mango Madness,#fd8c23,253,140,35
Alligator,#886600,136,102,0
Vulcan,#36383c,54,56,60
New Love,#c6bbdb,198,187,219
Crème de la Crème,#f3e7b4,243,231,180
Turf,#5f4f42,95,79,66
Sable Cloaked,#c4a7a1,196,167,161
Moon Rock,#958b84,149,139,132
Diamond,#faf7e2,250,247,226
Midnight in Tokyo,#000088,0,0,136
Whiskers,#f6f1e2,246,241,226
Blue Haze,#bdbace,189,186,206
Kid Icarus,#a81000,168,16,0
Matt Blue,#2c6fbb,44,111,187
Freezy Breezy,#99eeee,153,238,238
Falafel,#aa7711,170,119,17
Polar,#e5f2e7,229,242,231
Beekeeper,#f6e491,246,228,145
Wine Stain,#69444f,105,68,79
Meteor Shower,#5533ff,85,51,255
Way Beyond the Blue,#1188cc,17,136,204
Nougat,#b69885,182,152,133
Dark Galaxy,#0018a8,0,24,168
Dry Bone,#eadfce,234,223,206
Jazz,#5f2c2f,95,44,47
Banana Brick,#e8d82c,232,216,44
Diver's Eden,#3a797e,58,121,126
Persimmon,#e59b34,229,155,52
Driftwood,#a67a45,166,122,69
Wavelet,#7dc4cd,125,196,205
Egg Toast,#f2c911,242,201,17
Honey Do,#ededc7,237,237,199
Succulents,#007744,0,119,68
Waterfall,#3ab0a2,58,176,162
Ephemeral Blue,#cbd4df,203,212,223
EGA Green,#01ff07,1,255,7
Pika Yellow,#eee92d,238,233,45
Poisonous,#55ff11,85,255,17
Feijoa,#a5d785,165,215,133
Basil,#879f84,135,159,132
Capital Blue,#1a4157,26,65,87
Weathered Leather,#90614a,144,97,74
Wizard's Brew,#a090b8,160,144,184
Turquoise Pearl,#89f5e3,137,245,227
Wild Berry,#7e3a3c,126,58,60
Glorious Green Glitter,#aaee11,170,238,17
Wicked Green,#9bca47,155,202,71
Pesto di Pistacchio,#a7c437,167,196,55
Pastel Yellow,#fdfd96,253,253,150
Home Brew,#897b66,137,123,102
Phosphor Green,#00aa00,0,170,0
Night Rider,#332e2e,51,46,46
Intergalactic Cowboy,#222266,34,34,102
Nautical,#2e4a7d,46,74,125
